
HumanDetect.elf:     file format elf32-avr

Sections:
Idx Name          Size      VMA       LMA       File off  Algn
  0 .data         0000000e  00803e00  00001259  0000130d  2**0
                  CONTENTS, ALLOC, LOAD, DATA
  1 .text         00001220  00000000  00000000  000000b4  2**1
                  CONTENTS, ALLOC, LOAD, READONLY, CODE
  2 .rodata       00000039  00009220  00001220  000012d4  2**0
                  CONTENTS, ALLOC, LOAD, READONLY, DATA
  3 .bss          00000011  00803e0e  00803e0e  0000131b  2**0
                  ALLOC
  4 .comment      0000005c  00000000  00000000  0000131b  2**0
                  CONTENTS, READONLY
  5 .note.gnu.avr.deviceinfo 0000003c  00000000  00000000  00001378  2**2
                  CONTENTS, READONLY
  6 .debug_aranges 000001f8  00000000  00000000  000013b4  2**0
                  CONTENTS, READONLY, DEBUGGING
  7 .debug_info   00003fa7  00000000  00000000  000015ac  2**0
                  CONTENTS, READONLY, DEBUGGING
  8 .debug_abbrev 000020e4  00000000  00000000  00005553  2**0
                  CONTENTS, READONLY, DEBUGGING
  9 .debug_line   000012b0  00000000  00000000  00007637  2**0
                  CONTENTS, READONLY, DEBUGGING
 10 .debug_frame  00000458  00000000  00000000  000088e8  2**2
                  CONTENTS, READONLY, DEBUGGING
 11 .debug_str    000018da  00000000  00000000  00008d40  2**0
                  CONTENTS, READONLY, DEBUGGING
 12 .debug_loc    000010ca  00000000  00000000  0000a61a  2**0
                  CONTENTS, READONLY, DEBUGGING
 13 .debug_ranges 000001a8  00000000  00000000  0000b6e4  2**0
                  CONTENTS, READONLY, DEBUGGING

Disassembly of section .text:

00000000 <__vectors>:
       0:	21 c0       	rjmp	.+66     	; 0x44 <__ctors_end>
       2:	3b c0       	rjmp	.+118    	; 0x7a <__bad_interrupt>
       4:	3a c0       	rjmp	.+116    	; 0x7a <__bad_interrupt>
       6:	3a c0       	rjmp	.+116    	; 0x7c <__vector_3>
       8:	38 c0       	rjmp	.+112    	; 0x7a <__bad_interrupt>
       a:	37 c0       	rjmp	.+110    	; 0x7a <__bad_interrupt>
       c:	36 c0       	rjmp	.+108    	; 0x7a <__bad_interrupt>
       e:	35 c0       	rjmp	.+106    	; 0x7a <__bad_interrupt>
      10:	91 c2       	rjmp	.+1314   	; 0x534 <__vector_8>
      12:	33 c0       	rjmp	.+102    	; 0x7a <__bad_interrupt>
      14:	32 c0       	rjmp	.+100    	; 0x7a <__bad_interrupt>
      16:	31 c0       	rjmp	.+98     	; 0x7a <__bad_interrupt>
      18:	30 c0       	rjmp	.+96     	; 0x7a <__bad_interrupt>
      1a:	2f c0       	rjmp	.+94     	; 0x7a <__bad_interrupt>
      1c:	2e c0       	rjmp	.+92     	; 0x7a <__bad_interrupt>
      1e:	2d c0       	rjmp	.+90     	; 0x7a <__bad_interrupt>
      20:	2c c0       	rjmp	.+88     	; 0x7a <__bad_interrupt>
      22:	2b c0       	rjmp	.+86     	; 0x7a <__bad_interrupt>
      24:	2a c0       	rjmp	.+84     	; 0x7a <__bad_interrupt>
      26:	29 c0       	rjmp	.+82     	; 0x7a <__bad_interrupt>
      28:	28 c0       	rjmp	.+80     	; 0x7a <__bad_interrupt>
      2a:	27 c0       	rjmp	.+78     	; 0x7a <__bad_interrupt>
      2c:	26 c0       	rjmp	.+76     	; 0x7a <__bad_interrupt>
      2e:	25 c0       	rjmp	.+74     	; 0x7a <__bad_interrupt>
      30:	24 c0       	rjmp	.+72     	; 0x7a <__bad_interrupt>
      32:	23 c0       	rjmp	.+70     	; 0x7a <__bad_interrupt>
      34:	05 c1       	rjmp	.+522    	; 0x240 <GPIO_GetPinCtrl+0x12>
      36:	06 c1       	rjmp	.+524    	; 0x244 <GPIO_GetPinCtrl+0x16>
      38:	07 c1       	rjmp	.+526    	; 0x248 <GPIO_GetPinCtrl+0x1a>
      3a:	08 c1       	rjmp	.+528    	; 0x24c <GPIO_GetPinCtrl+0x1e>
      3c:	09 c1       	rjmp	.+530    	; 0x250 <GPIO_GetPinCtrl+0x22>
      3e:	0a c1       	rjmp	.+532    	; 0x254 <GPIO_GetPinCtrl+0x26>
      40:	0b c1       	rjmp	.+534    	; 0x258 <GPIO_GetPinCtrl+0x2a>
      42:	0c c1       	rjmp	.+536    	; 0x25c <GPIO_GetPinCtrl+0x2e>

00000044 <__ctors_end>:
      44:	11 24       	eor	r1, r1
      46:	1f be       	out	0x3f, r1	; 63
      48:	cf ef       	ldi	r28, 0xFF	; 255
      4a:	cd bf       	out	0x3d, r28	; 61
      4c:	df e3       	ldi	r29, 0x3F	; 63
      4e:	de bf       	out	0x3e, r29	; 62

00000050 <__do_copy_data>:
      50:	1e e3       	ldi	r17, 0x3E	; 62
      52:	a0 e0       	ldi	r26, 0x00	; 0
      54:	be e3       	ldi	r27, 0x3E	; 62
      56:	e9 e5       	ldi	r30, 0x59	; 89
      58:	f2 e1       	ldi	r31, 0x12	; 18
      5a:	02 c0       	rjmp	.+4      	; 0x60 <__do_copy_data+0x10>
      5c:	05 90       	lpm	r0, Z+
      5e:	0d 92       	st	X+, r0
      60:	ae 30       	cpi	r26, 0x0E	; 14
      62:	b1 07       	cpc	r27, r17
      64:	d9 f7       	brne	.-10     	; 0x5c <__do_copy_data+0xc>

00000066 <__do_clear_bss>:
      66:	2e e3       	ldi	r18, 0x3E	; 62
      68:	ae e0       	ldi	r26, 0x0E	; 14
      6a:	be e3       	ldi	r27, 0x3E	; 62
      6c:	01 c0       	rjmp	.+2      	; 0x70 <.do_clear_bss_start>

0000006e <.do_clear_bss_loop>:
      6e:	1d 92       	st	X+, r1

00000070 <.do_clear_bss_start>:
      70:	af 31       	cpi	r26, 0x1F	; 31
      72:	b2 07       	cpc	r27, r18
      74:	e1 f7       	brne	.-8      	; 0x6e <.do_clear_bss_loop>
      76:	0f d4       	rcall	.+2078   	; 0x896 <main>
      78:	d1 c8       	rjmp	.-3678   	; 0xfffff21c <__eeprom_end+0xff7ef21c>

0000007a <__bad_interrupt>:
      7a:	c2 cf       	rjmp	.-124    	; 0x0 <__vectors>

0000007c <__vector_3>:
app_state_t status;
uint32_t millis_cnt;
bool isOn;

ISR(PORTA_PORT_vect)
{
      7c:	1f 92       	push	r1
      7e:	0f 92       	push	r0
      80:	0f b6       	in	r0, 0x3f	; 63
      82:	0f 92       	push	r0
      84:	11 24       	eor	r1, r1
      86:	8f 93       	push	r24
	if (VPORTA.INTFLAGS & (1 << 2))
      88:	1a 9b       	sbis	0x03, 2	; 3
      8a:	02 c0       	rjmp	.+4      	; 0x90 <__EEPROM_REGION_LENGTH__+0x10>
	{
		VPORTA.INTFLAGS = (1 << 2); // 플래그 클리어
      8c:	84 e0       	ldi	r24, 0x04	; 4
      8e:	83 b9       	out	0x03, r24	; 3
	}
}
      90:	8f 91       	pop	r24
      92:	0f 90       	pop	r0
      94:	0f be       	out	0x3f, r0	; 63
      96:	0f 90       	pop	r0
      98:	1f 90       	pop	r1
      9a:	18 95       	reti

0000009c <APP_Init>:



void APP_Init(void)
{
	clock_init(CLOCK_SOURCE_INTERNAL);
      9c:	80 e0       	ldi	r24, 0x00	; 0
      9e:	8a d0       	rcall	.+276    	; 0x1b4 <clock_init>
	clock_set_prescaler(2);
      a0:	82 e0       	ldi	r24, 0x02	; 2
      a2:	98 d0       	rcall	.+304    	; 0x1d4 <clock_set_prescaler>

	GPIO_Init();
      a4:	e0 d0       	rcall	.+448    	; 0x266 <GPIO_Init>
	I2C_Init();
      a6:	26 d1       	rcall	.+588    	; 0x2f4 <I2C_Init>
	UART_Init();
      a8:	b3 d2       	rcall	.+1382   	; 0x610 <UART_Init>
	

	GPIO_Open(&PORTA, 1, GPIO_DIR_OUTPUT, NULL);
      aa:	20 e0       	ldi	r18, 0x00	; 0
      ac:	30 e0       	ldi	r19, 0x00	; 0
      ae:	41 e0       	ldi	r20, 0x01	; 1
      b0:	61 e0       	ldi	r22, 0x01	; 1
      b2:	80 e0       	ldi	r24, 0x00	; 0
      b4:	94 e0       	ldi	r25, 0x04	; 4
      b6:	d8 d0       	rcall	.+432    	; 0x268 <GPIO_Open>
	UART_Open(F_CPU, 9600); // F_CPU=10MHz, Baud=9600
      b8:	20 e8       	ldi	r18, 0x80	; 128
      ba:	35 e2       	ldi	r19, 0x25	; 37
      bc:	40 e0       	ldi	r20, 0x00	; 0
      be:	50 e0       	ldi	r21, 0x00	; 0
      c0:	60 e8       	ldi	r22, 0x80	; 128
      c2:	76 e9       	ldi	r23, 0x96	; 150
      c4:	88 e9       	ldi	r24, 0x98	; 152
      c6:	90 e0       	ldi	r25, 0x00	; 0
      c8:	a7 d2       	rcall	.+1358   	; 0x618 <UART_Open>
	I2C_Open(F_CPU, 100000ul);
      ca:	20 ea       	ldi	r18, 0xA0	; 160
      cc:	36 e8       	ldi	r19, 0x86	; 134
      ce:	41 e0       	ldi	r20, 0x01	; 1
      d0:	50 e0       	ldi	r21, 0x00	; 0
      d2:	60 e8       	ldi	r22, 0x80	; 128
      d4:	76 e9       	ldi	r23, 0x96	; 150
      d6:	88 e9       	ldi	r24, 0x98	; 152
      d8:	90 e0       	ldi	r25, 0x00	; 0
      da:	10 d1       	rcall	.+544    	; 0x2fc <I2C_Open>
	TIMER_OpenMillis(F_CPU, 64);
      dc:	40 e4       	ldi	r20, 0x40	; 64
      de:	50 e0       	ldi	r21, 0x00	; 0
      e0:	60 e8       	ldi	r22, 0x80	; 128
      e2:	76 e9       	ldi	r23, 0x96	; 150
      e4:	88 e9       	ldi	r24, 0x98	; 152
      e6:	90 e0       	ldi	r25, 0x00	; 0
      e8:	4d d2       	rcall	.+1178   	; 0x584 <TIMER_OpenMillis>
	#else
		//round up by default
		__ticks_dc = (uint32_t)(ceil(fabs(__tmp)));
	#endif

	__builtin_avr_delay_cycles(__ticks_dc);
      ea:	2f e3       	ldi	r18, 0x3F	; 63
      ec:	8d e0       	ldi	r24, 0x0D	; 13
      ee:	93 e0       	ldi	r25, 0x03	; 3
      f0:	21 50       	subi	r18, 0x01	; 1
      f2:	80 40       	sbci	r24, 0x00	; 0
      f4:	90 40       	sbci	r25, 0x00	; 0
      f6:	e1 f7       	brne	.-8      	; 0xf0 <APP_Init+0x54>
      f8:	00 c0       	rjmp	.+0      	; 0xfa <APP_Init+0x5e>
      fa:	00 00       	nop
	
	_delay_ms(100);
		
	sei();
      fc:	78 94       	sei

	printf("Hello VL53LX!\r\n");
      fe:	80 e2       	ldi	r24, 0x20	; 32
     100:	92 e9       	ldi	r25, 0x92	; 146
     102:	a9 d5       	rcall	.+2898   	; 0xc56 <puts>
	
	 if (!VL53_Init()) 
     104:	e2 d2       	rcall	.+1476   	; 0x6ca <VL53_Init>
     106:	81 11       	cpse	r24, r1
     108:	04 c0       	rjmp	.+8      	; 0x112 <APP_Init+0x76>
	 {
		 printf("[ERR] Init failed. Halt.\r\n");
     10a:	8f e2       	ldi	r24, 0x2F	; 47
     10c:	92 e9       	ldi	r25, 0x92	; 146
     10e:	a3 d5       	rcall	.+2886   	; 0xc56 <puts>
     110:	ff cf       	rjmp	.-2      	; 0x110 <APP_Init+0x74>
     112:	2f e3       	ldi	r18, 0x3F	; 63
     114:	8d e0       	ldi	r24, 0x0D	; 13
     116:	93 e0       	ldi	r25, 0x03	; 3
     118:	21 50       	subi	r18, 0x01	; 1
     11a:	80 40       	sbci	r24, 0x00	; 0
     11c:	90 40       	sbci	r25, 0x00	; 0
     11e:	e1 f7       	brne	.-8      	; 0x118 <APP_Init+0x7c>
     120:	00 c0       	rjmp	.+0      	; 0x122 <APP_Init+0x86>
     122:	00 00       	nop
		 while (1);
	 }
	 
	 _delay_ms(100);
	 
	 millis_cnt = millis();
     124:	63 d2       	rcall	.+1222   	; 0x5ec <millis>
     126:	60 93 13 3e 	sts	0x3E13, r22	; 0x803e13 <millis_cnt>
     12a:	70 93 14 3e 	sts	0x3E14, r23	; 0x803e14 <millis_cnt+0x1>
     12e:	80 93 15 3e 	sts	0x3E15, r24	; 0x803e15 <millis_cnt+0x2>
     132:	90 93 16 3e 	sts	0x3E16, r25	; 0x803e16 <millis_cnt+0x3>
     136:	08 95       	ret

00000138 <APP_Run>:
}

void APP_Run(void)
{
     138:	0f 93       	push	r16
     13a:	1f 93       	push	r17
	if(millis() - millis_cnt > 100)
     13c:	57 d2       	rcall	.+1198   	; 0x5ec <millis>
     13e:	00 91 13 3e 	lds	r16, 0x3E13	; 0x803e13 <millis_cnt>
     142:	10 91 14 3e 	lds	r17, 0x3E14	; 0x803e14 <millis_cnt+0x1>
     146:	20 91 15 3e 	lds	r18, 0x3E15	; 0x803e15 <millis_cnt+0x2>
     14a:	30 91 16 3e 	lds	r19, 0x3E16	; 0x803e16 <millis_cnt+0x3>
     14e:	dc 01       	movw	r26, r24
     150:	cb 01       	movw	r24, r22
     152:	80 1b       	sub	r24, r16
     154:	91 0b       	sbc	r25, r17
     156:	a2 0b       	sbc	r26, r18
     158:	b3 0b       	sbc	r27, r19
     15a:	85 36       	cpi	r24, 0x65	; 101
     15c:	91 05       	cpc	r25, r1
     15e:	a1 05       	cpc	r26, r1
     160:	b1 05       	cpc	r27, r1
     162:	f8 f0       	brcs	.+62     	; 0x1a2 <APP_Run+0x6a>
	{		
		millis_cnt = millis();
     164:	43 d2       	rcall	.+1158   	; 0x5ec <millis>
     166:	60 93 13 3e 	sts	0x3E13, r22	; 0x803e13 <millis_cnt>
     16a:	70 93 14 3e 	sts	0x3E14, r23	; 0x803e14 <millis_cnt+0x1>
     16e:	80 93 15 3e 	sts	0x3E15, r24	; 0x803e15 <millis_cnt+0x2>
     172:	90 93 16 3e 	sts	0x3E16, r25	; 0x803e16 <millis_cnt+0x3>
		
		uint16_t distance = VL53_ReadDistance();
     176:	36 d3       	rcall	.+1644   	; 0x7e4 <VL53_ReadDistance>
		printf("distance = %d\r\n", distance);
     178:	9f 93       	push	r25
     17a:	8f 93       	push	r24
     17c:	89 e4       	ldi	r24, 0x49	; 73
     17e:	92 e9       	ldi	r25, 0x92	; 146
     180:	9f 93       	push	r25
     182:	8f 93       	push	r24
     184:	55 d5       	rcall	.+2730   	; 0xc30 <printf>
		
		if(isOn == true)
     186:	0f 90       	pop	r0
     188:	0f 90       	pop	r0
     18a:	0f 90       	pop	r0
     18c:	0f 90       	pop	r0
     18e:	80 91 12 3e 	lds	r24, 0x3E12	; 0x803e12 <isOn>
     192:	88 23       	and	r24, r24
     194:	19 f0       	breq	.+6      	; 0x19c <APP_Run+0x64>
		{
			isOn = false;
     196:	10 92 12 3e 	sts	0x3E12, r1	; 0x803e12 <isOn>
     19a:	03 c0       	rjmp	.+6      	; 0x1a2 <APP_Run+0x6a>
		}
		else
		{
			isOn = true;
     19c:	81 e0       	ldi	r24, 0x01	; 1
     19e:	80 93 12 3e 	sts	0x3E12, r24	; 0x803e12 <isOn>
		}
	}
	
	GPIO_Write(&PORTA, 1, isOn);
     1a2:	40 91 12 3e 	lds	r20, 0x3E12	; 0x803e12 <isOn>
     1a6:	61 e0       	ldi	r22, 0x01	; 1
     1a8:	80 e0       	ldi	r24, 0x00	; 0
     1aa:	94 e0       	ldi	r25, 0x04	; 4
     1ac:	8d d0       	rcall	.+282    	; 0x2c8 <GPIO_Write>
		break;

		case ERROR:
		break;
	}
     1ae:	1f 91       	pop	r17
     1b0:	0f 91       	pop	r16
     1b2:	08 95       	ret

000001b4 <clock_init>:
#include "clock.h"


void clock_init(clock_source_t source)
{
	if(source == CLOCK_SOURCE_INTERNAL)
     1b4:	81 11       	cpse	r24, r1
     1b6:	06 c0       	rjmp	.+12     	; 0x1c4 <clock_init+0x10>
	{
		// 내부 20MHz 오실레이터 사용
		_PROTECTED_WRITE(CLKCTRL.MCLKCTRLA, CLKCTRL_CLKSEL_OSC20M_gc);
     1b8:	90 e0       	ldi	r25, 0x00	; 0
     1ba:	88 ed       	ldi	r24, 0xD8	; 216
     1bc:	84 bf       	out	0x34, r24	; 52
     1be:	90 93 60 00 	sts	0x0060, r25	; 0x800060 <__RODATA_PM_OFFSET__+0x7f8060>
     1c2:	08 95       	ret
	}
	else if(source == CLOCK_SOURCE_EXTERNAL)
     1c4:	81 30       	cpi	r24, 0x01	; 1
     1c6:	29 f4       	brne	.+10     	; 0x1d2 <clock_init+0x1e>
	{
		// 외부 클럭/크리스털 사용
		_PROTECTED_WRITE(CLKCTRL.MCLKCTRLA, CLKCTRL_CLKSEL_EXTCLK_gc);
     1c8:	93 e0       	ldi	r25, 0x03	; 3
     1ca:	88 ed       	ldi	r24, 0xD8	; 216
     1cc:	84 bf       	out	0x34, r24	; 52
     1ce:	90 93 60 00 	sts	0x0060, r25	; 0x800060 <__RODATA_PM_OFFSET__+0x7f8060>
     1d2:	08 95       	ret

000001d4 <clock_set_prescaler>:

void clock_set_prescaler(uint8_t div)
{
	// 분주기 설정 (예: 2, 4, 8 ...)
	// CLKCTRL.MCLKCTRLB 레지스터 사용
	switch(div)
     1d4:	84 30       	cpi	r24, 0x04	; 4
     1d6:	81 f0       	breq	.+32     	; 0x1f8 <clock_set_prescaler+0x24>
     1d8:	18 f4       	brcc	.+6      	; 0x1e0 <clock_set_prescaler+0xc>
     1da:	82 30       	cpi	r24, 0x02	; 2
     1dc:	31 f0       	breq	.+12     	; 0x1ea <clock_set_prescaler+0x16>
     1de:	21 c0       	rjmp	.+66     	; 0x222 <__DATA_REGION_LENGTH__+0x22>
     1e0:	88 30       	cpi	r24, 0x08	; 8
     1e2:	89 f0       	breq	.+34     	; 0x206 <__DATA_REGION_LENGTH__+0x6>
     1e4:	80 31       	cpi	r24, 0x10	; 16
     1e6:	b1 f0       	breq	.+44     	; 0x214 <__DATA_REGION_LENGTH__+0x14>
     1e8:	1c c0       	rjmp	.+56     	; 0x222 <__DATA_REGION_LENGTH__+0x22>
	{
		case 2:
		_PROTECTED_WRITE(CLKCTRL.MCLKCTRLB, CLKCTRL_PDIV_2X_gc | CLKCTRL_PEN_bm);
     1ea:	21 e0       	ldi	r18, 0x01	; 1
     1ec:	30 e0       	ldi	r19, 0x00	; 0
     1ee:	88 ed       	ldi	r24, 0xD8	; 216
     1f0:	84 bf       	out	0x34, r24	; 52
     1f2:	20 93 61 00 	sts	0x0061, r18	; 0x800061 <__RODATA_PM_OFFSET__+0x7f8061>
		break;
     1f6:	08 95       	ret
		case 4:
		_PROTECTED_WRITE(CLKCTRL.MCLKCTRLB, CLKCTRL_PDIV_4X_gc | CLKCTRL_PEN_bm);
     1f8:	23 e0       	ldi	r18, 0x03	; 3
     1fa:	30 e0       	ldi	r19, 0x00	; 0
     1fc:	88 ed       	ldi	r24, 0xD8	; 216
     1fe:	84 bf       	out	0x34, r24	; 52
     200:	20 93 61 00 	sts	0x0061, r18	; 0x800061 <__RODATA_PM_OFFSET__+0x7f8061>
		break;
     204:	08 95       	ret
		case 8:
		_PROTECTED_WRITE(CLKCTRL.MCLKCTRLB, CLKCTRL_PDIV_8X_gc | CLKCTRL_PEN_bm);
     206:	25 e0       	ldi	r18, 0x05	; 5
     208:	30 e0       	ldi	r19, 0x00	; 0
     20a:	88 ed       	ldi	r24, 0xD8	; 216
     20c:	84 bf       	out	0x34, r24	; 52
     20e:	20 93 61 00 	sts	0x0061, r18	; 0x800061 <__RODATA_PM_OFFSET__+0x7f8061>
		break;
     212:	08 95       	ret
		case 16:
		_PROTECTED_WRITE(CLKCTRL.MCLKCTRLB, CLKCTRL_PDIV_16X_gc | CLKCTRL_PEN_bm);
     214:	27 e0       	ldi	r18, 0x07	; 7
     216:	30 e0       	ldi	r19, 0x00	; 0
     218:	88 ed       	ldi	r24, 0xD8	; 216
     21a:	84 bf       	out	0x34, r24	; 52
     21c:	20 93 61 00 	sts	0x0061, r18	; 0x800061 <__RODATA_PM_OFFSET__+0x7f8061>
		break;
     220:	08 95       	ret
		default:
		// 기본값: 분주기 없음
		_PROTECTED_WRITE(CLKCTRL_MCLKCTRLB, 0);
     222:	90 e0       	ldi	r25, 0x00	; 0
     224:	88 ed       	ldi	r24, 0xD8	; 216
     226:	84 bf       	out	0x34, r24	; 52
     228:	90 93 61 00 	sts	0x0061, r25	; 0x800061 <__RODATA_PM_OFFSET__+0x7f8061>
     22c:	08 95       	ret

0000022e <GPIO_GetPinCtrl>:
#include "gpio.h"

// 내부 헬퍼: PINnCTRL 레지스터 포인터 반환
static volatile uint8_t* GPIO_GetPinCtrl(volatile PORT_t *port, uint8_t pin) 
{
	switch(pin) 
     22e:	46 2f       	mov	r20, r22
     230:	50 e0       	ldi	r21, 0x00	; 0
     232:	48 30       	cpi	r20, 0x08	; 8
     234:	51 05       	cpc	r21, r1
     236:	a0 f4       	brcc	.+40     	; 0x260 <GPIO_GetPinCtrl+0x32>
     238:	fa 01       	movw	r30, r20
     23a:	e6 5e       	subi	r30, 0xE6	; 230
     23c:	ff 4f       	sbci	r31, 0xFF	; 255
     23e:	09 94       	ijmp
	{
		case 0: return &port->PIN0CTRL;
     240:	40 96       	adiw	r24, 0x10	; 16
     242:	08 95       	ret
		case 1: return &port->PIN1CTRL;
     244:	41 96       	adiw	r24, 0x11	; 17
     246:	08 95       	ret
		case 2: return &port->PIN2CTRL;
     248:	42 96       	adiw	r24, 0x12	; 18
     24a:	08 95       	ret
		case 3: return &port->PIN3CTRL;
     24c:	43 96       	adiw	r24, 0x13	; 19
     24e:	08 95       	ret
		case 4: return &port->PIN4CTRL;
     250:	44 96       	adiw	r24, 0x14	; 20
     252:	08 95       	ret
		case 5: return &port->PIN5CTRL;
     254:	45 96       	adiw	r24, 0x15	; 21
     256:	08 95       	ret
		case 6: return &port->PIN6CTRL;
     258:	46 96       	adiw	r24, 0x16	; 22
     25a:	08 95       	ret
		case 7: return &port->PIN7CTRL;
     25c:	47 96       	adiw	r24, 0x17	; 23
     25e:	08 95       	ret
		default: return NULL;
     260:	80 e0       	ldi	r24, 0x00	; 0
     262:	90 e0       	ldi	r25, 0x00	; 0
	}
}
     264:	08 95       	ret

00000266 <GPIO_Init>:

void GPIO_Init(void) 
{
     266:	08 95       	ret

00000268 <GPIO_Open>:
	// 필요하다면 포트 초기화 코드 작성
}

void GPIO_Open(volatile PORT_t *port, uint8_t pin, gpio_dir_t dir, gpio_input_opt_t *opt) 
{
     268:	cf 93       	push	r28
     26a:	df 93       	push	r29
	if (dir == GPIO_DIR_OUTPUT) 
     26c:	41 30       	cpi	r20, 0x01	; 1
     26e:	51 f4       	brne	.+20     	; 0x284 <GPIO_Open+0x1c>
	{
		port->DIRSET = (1 << pin);
     270:	21 e0       	ldi	r18, 0x01	; 1
     272:	30 e0       	ldi	r19, 0x00	; 0
     274:	02 c0       	rjmp	.+4      	; 0x27a <GPIO_Open+0x12>
     276:	22 0f       	add	r18, r18
     278:	33 1f       	adc	r19, r19
     27a:	6a 95       	dec	r22
     27c:	e2 f7       	brpl	.-8      	; 0x276 <GPIO_Open+0xe>
     27e:	fc 01       	movw	r30, r24
     280:	21 83       	std	Z+1, r18	; 0x01
     282:	1f c0       	rjmp	.+62     	; 0x2c2 <GPIO_Open+0x5a>
     284:	e9 01       	movw	r28, r18
	} 
	else 
	{
		port->DIRCLR = (1 << pin);
     286:	21 e0       	ldi	r18, 0x01	; 1
     288:	30 e0       	ldi	r19, 0x00	; 0
     28a:	06 2e       	mov	r0, r22
     28c:	02 c0       	rjmp	.+4      	; 0x292 <GPIO_Open+0x2a>
     28e:	22 0f       	add	r18, r18
     290:	33 1f       	adc	r19, r19
     292:	0a 94       	dec	r0
     294:	e2 f7       	brpl	.-8      	; 0x28e <GPIO_Open+0x26>
     296:	fc 01       	movw	r30, r24
     298:	22 83       	std	Z+2, r18	; 0x02

		volatile uint8_t* pinctrl = GPIO_GetPinCtrl(port, pin);
     29a:	c9 df       	rcall	.-110    	; 0x22e <GPIO_GetPinCtrl>
     29c:	fc 01       	movw	r30, r24

		if (pinctrl && opt != NULL) 
     29e:	89 2b       	or	r24, r25
     2a0:	81 f0       	breq	.+32     	; 0x2c2 <GPIO_Open+0x5a>
     2a2:	20 97       	sbiw	r28, 0x00	; 0
     2a4:	71 f0       	breq	.+28     	; 0x2c2 <GPIO_Open+0x5a>
		{
			uint8_t ctrl = 0;
			if (opt->pullup) 
     2a6:	88 81       	ld	r24, Y
     2a8:	81 11       	cpse	r24, r1
     2aa:	02 c0       	rjmp	.+4      	; 0x2b0 <GPIO_Open+0x48>

		volatile uint8_t* pinctrl = GPIO_GetPinCtrl(port, pin);

		if (pinctrl && opt != NULL) 
		{
			uint8_t ctrl = 0;
     2ac:	90 e0       	ldi	r25, 0x00	; 0
     2ae:	01 c0       	rjmp	.+2      	; 0x2b2 <GPIO_Open+0x4a>
			if (opt->pullup) 
			{
				ctrl |= PORT_PULLUPEN_bm;
     2b0:	98 e0       	ldi	r25, 0x08	; 8
			}
			if (opt->ext_int) {
     2b2:	89 81       	ldd	r24, Y+1	; 0x01
     2b4:	88 23       	and	r24, r24
     2b6:	19 f0       	breq	.+6      	; 0x2be <GPIO_Open+0x56>
				ctrl |= opt->isc_mode; // 사용자가 원하는 ISC 모드 지정
     2b8:	8a 81       	ldd	r24, Y+2	; 0x02
     2ba:	98 2b       	or	r25, r24
     2bc:	01 c0       	rjmp	.+2      	; 0x2c0 <GPIO_Open+0x58>
				} else {
				ctrl |= PORT_ISC_INPUT_DISABLE_gc;
     2be:	94 60       	ori	r25, 0x04	; 4
			}
			*pinctrl = ctrl;
     2c0:	90 83       	st	Z, r25
		}
	}
}
     2c2:	df 91       	pop	r29
     2c4:	cf 91       	pop	r28
     2c6:	08 95       	ret

000002c8 <GPIO_Write>:

void GPIO_Write(volatile PORT_t *port, uint8_t pin, bool value) 
{
	if (value) 
     2c8:	44 23       	and	r20, r20
     2ca:	51 f0       	breq	.+20     	; 0x2e0 <GPIO_Write+0x18>
	{
		port->OUTSET = (1 << pin);
     2cc:	21 e0       	ldi	r18, 0x01	; 1
     2ce:	30 e0       	ldi	r19, 0x00	; 0
     2d0:	02 c0       	rjmp	.+4      	; 0x2d6 <GPIO_Write+0xe>
     2d2:	22 0f       	add	r18, r18
     2d4:	33 1f       	adc	r19, r19
     2d6:	6a 95       	dec	r22
     2d8:	e2 f7       	brpl	.-8      	; 0x2d2 <GPIO_Write+0xa>
     2da:	fc 01       	movw	r30, r24
     2dc:	25 83       	std	Z+5, r18	; 0x05
     2de:	08 95       	ret
	} 
	else 
	{
		port->OUTCLR = (1 << pin);
     2e0:	21 e0       	ldi	r18, 0x01	; 1
     2e2:	30 e0       	ldi	r19, 0x00	; 0
     2e4:	02 c0       	rjmp	.+4      	; 0x2ea <GPIO_Write+0x22>
     2e6:	22 0f       	add	r18, r18
     2e8:	33 1f       	adc	r19, r19
     2ea:	6a 95       	dec	r22
     2ec:	e2 f7       	brpl	.-8      	; 0x2e6 <GPIO_Write+0x1e>
     2ee:	fc 01       	movw	r30, r24
     2f0:	26 83       	std	Z+6, r18	; 0x06
     2f2:	08 95       	ret

000002f4 <I2C_Init>:
		else
		TWI0.MCTRLB = TWI_ACKACT_NACK_gc | TWI_MCMD_STOP_gc; // NACK + STOP
	}

	return true;
}
     2f4:	81 e0       	ldi	r24, 0x01	; 1
     2f6:	80 93 13 08 	sts	0x0813, r24	; 0x800813 <__RODATA_PM_OFFSET__+0x7f8813>
     2fa:	08 95       	ret

000002fc <I2C_Open>:
     2fc:	22 0f       	add	r18, r18
     2fe:	33 1f       	adc	r19, r19
     300:	44 1f       	adc	r20, r20
     302:	55 1f       	adc	r21, r21
     304:	67 d4       	rcall	.+2254   	; 0xbd4 <__udivmodsi4>
     306:	ba 01       	movw	r22, r20
     308:	a9 01       	movw	r20, r18
     30a:	45 50       	subi	r20, 0x05	; 5
     30c:	51 09       	sbc	r21, r1
     30e:	61 09       	sbc	r22, r1
     310:	71 09       	sbc	r23, r1
     312:	a0 e1       	ldi	r26, 0x10	; 16
     314:	b8 e0       	ldi	r27, 0x08	; 8
     316:	16 96       	adiw	r26, 0x06	; 6
     318:	4c 93       	st	X, r20
     31a:	16 97       	sbiw	r26, 0x06	; 6
     31c:	e0 e2       	ldi	r30, 0x20	; 32
     31e:	f4 e0       	ldi	r31, 0x04	; 4
     320:	81 81       	ldd	r24, Z+1	; 0x01
     322:	83 60       	ori	r24, 0x03	; 3
     324:	81 83       	std	Z+1, r24	; 0x01
     326:	85 81       	ldd	r24, Z+5	; 0x05
     328:	83 60       	ori	r24, 0x03	; 3
     32a:	85 83       	std	Z+5, r24	; 0x05
     32c:	83 e0       	ldi	r24, 0x03	; 3
     32e:	13 96       	adiw	r26, 0x03	; 3
     330:	8c 93       	st	X, r24
     332:	13 97       	sbiw	r26, 0x03	; 3
     334:	81 e0       	ldi	r24, 0x01	; 1
     336:	15 96       	adiw	r26, 0x05	; 5
     338:	8c 93       	st	X, r24
     33a:	08 95       	ret

0000033c <I2C_WriteBytes>:
     33c:	90 91 15 08 	lds	r25, 0x0815	; 0x800815 <__RODATA_PM_OFFSET__+0x7f8815>
     340:	93 70       	andi	r25, 0x03	; 3
     342:	93 30       	cpi	r25, 0x03	; 3
     344:	d9 f3       	breq	.-10     	; 0x33c <I2C_WriteBytes>
     346:	88 0f       	add	r24, r24
     348:	80 93 17 08 	sts	0x0817, r24	; 0x800817 <__RODATA_PM_OFFSET__+0x7f8817>
     34c:	80 91 15 08 	lds	r24, 0x0815	; 0x800815 <__RODATA_PM_OFFSET__+0x7f8815>
     350:	80 7c       	andi	r24, 0xC0	; 192
     352:	e1 f3       	breq	.-8      	; 0x34c <I2C_WriteBytes+0x10>
     354:	80 91 15 08 	lds	r24, 0x0815	; 0x800815 <__RODATA_PM_OFFSET__+0x7f8815>
     358:	84 ff       	sbrs	r24, 4
     35a:	1a c0       	rjmp	.+52     	; 0x390 <I2C_WriteBytes+0x54>
     35c:	83 e0       	ldi	r24, 0x03	; 3
     35e:	80 93 14 08 	sts	0x0814, r24	; 0x800814 <__RODATA_PM_OFFSET__+0x7f8814>
     362:	80 e0       	ldi	r24, 0x00	; 0
     364:	08 95       	ret
     366:	fb 01       	movw	r30, r22
     368:	e9 0f       	add	r30, r25
     36a:	f1 1d       	adc	r31, r1
     36c:	80 81       	ld	r24, Z
     36e:	80 93 18 08 	sts	0x0818, r24	; 0x800818 <__RODATA_PM_OFFSET__+0x7f8818>
     372:	80 91 15 08 	lds	r24, 0x0815	; 0x800815 <__RODATA_PM_OFFSET__+0x7f8815>
     376:	86 ff       	sbrs	r24, 6
     378:	fc cf       	rjmp	.-8      	; 0x372 <I2C_WriteBytes+0x36>
     37a:	80 91 15 08 	lds	r24, 0x0815	; 0x800815 <__RODATA_PM_OFFSET__+0x7f8815>
     37e:	84 ff       	sbrs	r24, 4
     380:	05 c0       	rjmp	.+10     	; 0x38c <I2C_WriteBytes+0x50>
     382:	83 e0       	ldi	r24, 0x03	; 3
     384:	80 93 14 08 	sts	0x0814, r24	; 0x800814 <__RODATA_PM_OFFSET__+0x7f8814>
     388:	80 e0       	ldi	r24, 0x00	; 0
     38a:	08 95       	ret
     38c:	9f 5f       	subi	r25, 0xFF	; 255
     38e:	01 c0       	rjmp	.+2      	; 0x392 <I2C_WriteBytes+0x56>
     390:	90 e0       	ldi	r25, 0x00	; 0
     392:	94 17       	cp	r25, r20
     394:	40 f3       	brcs	.-48     	; 0x366 <I2C_WriteBytes+0x2a>
     396:	83 e0       	ldi	r24, 0x03	; 3
     398:	80 93 14 08 	sts	0x0814, r24	; 0x800814 <__RODATA_PM_OFFSET__+0x7f8814>
     39c:	81 e0       	ldi	r24, 0x01	; 1
     39e:	08 95       	ret

000003a0 <I2C_ReadRegAddr8>:


bool I2C_ReadRegAddr8(uint8_t addr, uint8_t reg, uint8_t *data, uint8_t len)
{
	// START + SLA+W
	TWI0.MADDR = (addr << 1) | 0;
     3a0:	98 2f       	mov	r25, r24
     3a2:	99 0f       	add	r25, r25
     3a4:	90 93 17 08 	sts	0x0817, r25	; 0x800817 <__RODATA_PM_OFFSET__+0x7f8817>
	while (!(TWI0.MSTATUS & TWI_WIF_bm));
     3a8:	90 91 15 08 	lds	r25, 0x0815	; 0x800815 <__RODATA_PM_OFFSET__+0x7f8815>
     3ac:	96 ff       	sbrs	r25, 6
     3ae:	fc cf       	rjmp	.-8      	; 0x3a8 <I2C_ReadRegAddr8+0x8>

	TWI0.MDATA = (uint8_t)(reg & 0xFF);
     3b0:	60 93 18 08 	sts	0x0818, r22	; 0x800818 <__RODATA_PM_OFFSET__+0x7f8818>
	while (!(TWI0.MSTATUS & TWI_WIF_bm));
     3b4:	90 91 15 08 	lds	r25, 0x0815	; 0x800815 <__RODATA_PM_OFFSET__+0x7f8815>
     3b8:	96 ff       	sbrs	r25, 6
     3ba:	fc cf       	rjmp	.-8      	; 0x3b4 <I2C_ReadRegAddr8+0x14>
	
	// REPEATED START + SLA+R
	TWI0.MADDR = (addr << 1) | 1;
     3bc:	90 e0       	ldi	r25, 0x00	; 0
     3be:	88 0f       	add	r24, r24
     3c0:	99 1f       	adc	r25, r25
     3c2:	81 60       	ori	r24, 0x01	; 1
     3c4:	80 93 17 08 	sts	0x0817, r24	; 0x800817 <__RODATA_PM_OFFSET__+0x7f8817>
	
	for (uint8_t i = 0; i < len; i++)
     3c8:	90 e0       	ldi	r25, 0x00	; 0
     3ca:	1b c0       	rjmp	.+54     	; 0x402 <__LOCK_REGION_LENGTH__+0x2>
	{
		// RIF 대기
		while (!(TWI0.MSTATUS & TWI_RIF_bm));
     3cc:	80 91 15 08 	lds	r24, 0x0815	; 0x800815 <__RODATA_PM_OFFSET__+0x7f8815>
     3d0:	88 23       	and	r24, r24
     3d2:	e4 f7       	brge	.-8      	; 0x3cc <I2C_ReadRegAddr8+0x2c>

		if (i == len - 1)
     3d4:	e9 2f       	mov	r30, r25
     3d6:	f0 e0       	ldi	r31, 0x00	; 0
     3d8:	62 2f       	mov	r22, r18
     3da:	70 e0       	ldi	r23, 0x00	; 0
     3dc:	61 50       	subi	r22, 0x01	; 1
     3de:	71 09       	sbc	r23, r1
     3e0:	e6 17       	cp	r30, r22
     3e2:	f7 07       	cpc	r31, r23
     3e4:	21 f4       	brne	.+8      	; 0x3ee <I2C_ReadRegAddr8+0x4e>
		{
			TWI0.MCTRLB = TWI_ACKACT_NACK_gc | TWI_MCMD_STOP_gc;
     3e6:	87 e0       	ldi	r24, 0x07	; 7
     3e8:	80 93 14 08 	sts	0x0814, r24	; 0x800814 <__RODATA_PM_OFFSET__+0x7f8814>
     3ec:	03 c0       	rjmp	.+6      	; 0x3f4 <I2C_ReadRegAddr8+0x54>
		}
		else
		{
			TWI0.MCTRLB = TWI_MCMD_RECVTRANS_gc;
     3ee:	82 e0       	ldi	r24, 0x02	; 2
     3f0:	80 93 14 08 	sts	0x0814, r24	; 0x800814 <__RODATA_PM_OFFSET__+0x7f8814>
		}
		
		data[i] = TWI0.MDATA; // ✅ ACK/NACK 설정 후 읽기
     3f4:	fa 01       	movw	r30, r20
     3f6:	e9 0f       	add	r30, r25
     3f8:	f1 1d       	adc	r31, r1
     3fa:	80 91 18 08 	lds	r24, 0x0818	; 0x800818 <__RODATA_PM_OFFSET__+0x7f8818>
     3fe:	80 83       	st	Z, r24
	while (!(TWI0.MSTATUS & TWI_WIF_bm));
	
	// REPEATED START + SLA+R
	TWI0.MADDR = (addr << 1) | 1;
	
	for (uint8_t i = 0; i < len; i++)
     400:	9f 5f       	subi	r25, 0xFF	; 255
     402:	92 17       	cp	r25, r18
     404:	18 f3       	brcs	.-58     	; 0x3cc <I2C_ReadRegAddr8+0x2c>
		
		data[i] = TWI0.MDATA; // ✅ ACK/NACK 설정 후 읽기
	}

	return true;
}
     406:	81 e0       	ldi	r24, 0x01	; 1
     408:	08 95       	ret

0000040a <I2C_ReadRegAddr16>:


bool I2C_ReadRegAddr16(uint8_t addr, uint16_t reg, uint8_t *data, uint8_t len)
{
	// START + SLA+W
	TWI0.MADDR = (addr << 1) | 0;
     40a:	98 2f       	mov	r25, r24
     40c:	99 0f       	add	r25, r25
     40e:	90 93 17 08 	sts	0x0817, r25	; 0x800817 <__RODATA_PM_OFFSET__+0x7f8817>
	while (!(TWI0.MSTATUS & TWI_WIF_bm));
     412:	90 91 15 08 	lds	r25, 0x0815	; 0x800815 <__RODATA_PM_OFFSET__+0x7f8815>
     416:	96 ff       	sbrs	r25, 6
     418:	fc cf       	rjmp	.-8      	; 0x412 <I2C_ReadRegAddr16+0x8>
	if (TWI0.MSTATUS & TWI_RXACK_bm)
     41a:	90 91 15 08 	lds	r25, 0x0815	; 0x800815 <__RODATA_PM_OFFSET__+0x7f8815>
     41e:	94 ff       	sbrs	r25, 4
     420:	05 c0       	rjmp	.+10     	; 0x42c <I2C_ReadRegAddr16+0x22>
	{
		TWI0.MCTRLB = TWI_MCMD_STOP_gc;
     422:	83 e0       	ldi	r24, 0x03	; 3
     424:	80 93 14 08 	sts	0x0814, r24	; 0x800814 <__RODATA_PM_OFFSET__+0x7f8814>
		return false;
     428:	80 e0       	ldi	r24, 0x00	; 0
     42a:	08 95       	ret
	}

	// 레지스터 주소 상위 바이트
	TWI0.MDATA = (uint8_t)(reg >> 8);
     42c:	70 93 18 08 	sts	0x0818, r23	; 0x800818 <__RODATA_PM_OFFSET__+0x7f8818>
	while (!(TWI0.MSTATUS & TWI_WIF_bm));
     430:	90 91 15 08 	lds	r25, 0x0815	; 0x800815 <__RODATA_PM_OFFSET__+0x7f8815>
     434:	96 ff       	sbrs	r25, 6
     436:	fc cf       	rjmp	.-8      	; 0x430 <I2C_ReadRegAddr16+0x26>
	if (TWI0.MSTATUS & TWI_RXACK_bm)
     438:	90 91 15 08 	lds	r25, 0x0815	; 0x800815 <__RODATA_PM_OFFSET__+0x7f8815>
     43c:	94 ff       	sbrs	r25, 4
     43e:	05 c0       	rjmp	.+10     	; 0x44a <I2C_ReadRegAddr16+0x40>
	{
		TWI0.MCTRLB = TWI_MCMD_STOP_gc;
     440:	83 e0       	ldi	r24, 0x03	; 3
     442:	80 93 14 08 	sts	0x0814, r24	; 0x800814 <__RODATA_PM_OFFSET__+0x7f8814>
		return false;
     446:	80 e0       	ldi	r24, 0x00	; 0
     448:	08 95       	ret
	}

	// 레지스터 주소 하위 바이트
	TWI0.MDATA = (uint8_t)(reg & 0xFF);
     44a:	60 93 18 08 	sts	0x0818, r22	; 0x800818 <__RODATA_PM_OFFSET__+0x7f8818>
	while (!(TWI0.MSTATUS & TWI_WIF_bm));
     44e:	90 91 15 08 	lds	r25, 0x0815	; 0x800815 <__RODATA_PM_OFFSET__+0x7f8815>
     452:	96 ff       	sbrs	r25, 6
     454:	fc cf       	rjmp	.-8      	; 0x44e <I2C_ReadRegAddr16+0x44>
	if (TWI0.MSTATUS & TWI_RXACK_bm)
     456:	90 91 15 08 	lds	r25, 0x0815	; 0x800815 <__RODATA_PM_OFFSET__+0x7f8815>
     45a:	94 ff       	sbrs	r25, 4
     45c:	05 c0       	rjmp	.+10     	; 0x468 <I2C_ReadRegAddr16+0x5e>
	{
		TWI0.MCTRLB = TWI_MCMD_STOP_gc;
     45e:	83 e0       	ldi	r24, 0x03	; 3
     460:	80 93 14 08 	sts	0x0814, r24	; 0x800814 <__RODATA_PM_OFFSET__+0x7f8814>
		return false;
     464:	80 e0       	ldi	r24, 0x00	; 0
     466:	08 95       	ret
	}

	// REPEATED START + SLA+R
	TWI0.MADDR = (addr << 1) | 1;
     468:	90 e0       	ldi	r25, 0x00	; 0
     46a:	88 0f       	add	r24, r24
     46c:	99 1f       	adc	r25, r25
     46e:	81 60       	ori	r24, 0x01	; 1
     470:	80 93 17 08 	sts	0x0817, r24	; 0x800817 <__RODATA_PM_OFFSET__+0x7f8817>

	for (uint8_t i = 0; i < len; i++)
     474:	90 e0       	ldi	r25, 0x00	; 0
     476:	1b c0       	rjmp	.+54     	; 0x4ae <I2C_ReadRegAddr16+0xa4>
	{
		// RIF 대기
		while (!(TWI0.MSTATUS & TWI_RIF_bm));
     478:	80 91 15 08 	lds	r24, 0x0815	; 0x800815 <__RODATA_PM_OFFSET__+0x7f8815>
     47c:	88 23       	and	r24, r24
     47e:	e4 f7       	brge	.-8      	; 0x478 <I2C_ReadRegAddr16+0x6e>
		
		if (i == len - 1)
     480:	e9 2f       	mov	r30, r25
     482:	f0 e0       	ldi	r31, 0x00	; 0
     484:	62 2f       	mov	r22, r18
     486:	70 e0       	ldi	r23, 0x00	; 0
     488:	61 50       	subi	r22, 0x01	; 1
     48a:	71 09       	sbc	r23, r1
     48c:	e6 17       	cp	r30, r22
     48e:	f7 07       	cpc	r31, r23
     490:	21 f4       	brne	.+8      	; 0x49a <I2C_ReadRegAddr16+0x90>
		{
			TWI0.MCTRLB = TWI_ACKACT_NACK_gc | TWI_MCMD_STOP_gc;
     492:	87 e0       	ldi	r24, 0x07	; 7
     494:	80 93 14 08 	sts	0x0814, r24	; 0x800814 <__RODATA_PM_OFFSET__+0x7f8814>
     498:	03 c0       	rjmp	.+6      	; 0x4a0 <I2C_ReadRegAddr16+0x96>
		}
		else
		{
			TWI0.MCTRLB = TWI_MCMD_RECVTRANS_gc;
     49a:	82 e0       	ldi	r24, 0x02	; 2
     49c:	80 93 14 08 	sts	0x0814, r24	; 0x800814 <__RODATA_PM_OFFSET__+0x7f8814>
		}
		
		data[i] = TWI0.MDATA; // MDATA 읽기가 ACK/NACK 전송 트리거
     4a0:	fa 01       	movw	r30, r20
     4a2:	e9 0f       	add	r30, r25
     4a4:	f1 1d       	adc	r31, r1
     4a6:	80 91 18 08 	lds	r24, 0x0818	; 0x800818 <__RODATA_PM_OFFSET__+0x7f8818>
     4aa:	80 83       	st	Z, r24
	}

	// REPEATED START + SLA+R
	TWI0.MADDR = (addr << 1) | 1;

	for (uint8_t i = 0; i < len; i++)
     4ac:	9f 5f       	subi	r25, 0xFF	; 255
     4ae:	92 17       	cp	r25, r18
     4b0:	18 f3       	brcs	.-58     	; 0x478 <I2C_ReadRegAddr16+0x6e>
		}
		
		data[i] = TWI0.MDATA; // MDATA 읽기가 ACK/NACK 전송 트리거
	}

	return true;
     4b2:	81 e0       	ldi	r24, 0x01	; 1
     4b4:	08 95       	ret

000004b6 <set_prescaler>:
}

void TIMER_Close(void)
{
	TCA0.SINGLE.CTRLA  &= ~TCA_SINGLE_ENABLE_bm;
	TCA0.SINGLE.INTCTRL = 0;
     4b6:	88 30       	cpi	r24, 0x08	; 8
     4b8:	91 05       	cpc	r25, r1
     4ba:	21 f1       	breq	.+72     	; 0x504 <set_prescaler+0x4e>
     4bc:	48 f4       	brcc	.+18     	; 0x4d0 <set_prescaler+0x1a>
     4be:	82 30       	cpi	r24, 0x02	; 2
     4c0:	91 05       	cpc	r25, r1
     4c2:	c1 f0       	breq	.+48     	; 0x4f4 <set_prescaler+0x3e>
     4c4:	84 30       	cpi	r24, 0x04	; 4
     4c6:	91 05       	cpc	r25, r1
     4c8:	c9 f0       	breq	.+50     	; 0x4fc <set_prescaler+0x46>
     4ca:	01 97       	sbiw	r24, 0x01	; 1
     4cc:	79 f5       	brne	.+94     	; 0x52c <set_prescaler+0x76>
     4ce:	0f c0       	rjmp	.+30     	; 0x4ee <set_prescaler+0x38>
     4d0:	80 34       	cpi	r24, 0x40	; 64
     4d2:	91 05       	cpc	r25, r1
     4d4:	f9 f0       	breq	.+62     	; 0x514 <set_prescaler+0x5e>
     4d6:	18 f4       	brcc	.+6      	; 0x4de <set_prescaler+0x28>
     4d8:	40 97       	sbiw	r24, 0x10	; 16
     4da:	c1 f0       	breq	.+48     	; 0x50c <set_prescaler+0x56>
     4dc:	27 c0       	rjmp	.+78     	; 0x52c <set_prescaler+0x76>
     4de:	81 15       	cp	r24, r1
     4e0:	21 e0       	ldi	r18, 0x01	; 1
     4e2:	92 07       	cpc	r25, r18
     4e4:	d9 f0       	breq	.+54     	; 0x51c <set_prescaler+0x66>
     4e6:	81 15       	cp	r24, r1
     4e8:	94 40       	sbci	r25, 0x04	; 4
     4ea:	e1 f0       	breq	.+56     	; 0x524 <set_prescaler+0x6e>
     4ec:	1f c0       	rjmp	.+62     	; 0x52c <set_prescaler+0x76>
     4ee:	10 92 00 0a 	sts	0x0A00, r1	; 0x800a00 <__RODATA_PM_OFFSET__+0x7f8a00>
     4f2:	08 95       	ret
     4f4:	82 e0       	ldi	r24, 0x02	; 2
     4f6:	80 93 00 0a 	sts	0x0A00, r24	; 0x800a00 <__RODATA_PM_OFFSET__+0x7f8a00>
     4fa:	08 95       	ret
     4fc:	84 e0       	ldi	r24, 0x04	; 4
     4fe:	80 93 00 0a 	sts	0x0A00, r24	; 0x800a00 <__RODATA_PM_OFFSET__+0x7f8a00>
     502:	08 95       	ret
     504:	86 e0       	ldi	r24, 0x06	; 6
     506:	80 93 00 0a 	sts	0x0A00, r24	; 0x800a00 <__RODATA_PM_OFFSET__+0x7f8a00>
     50a:	08 95       	ret
     50c:	88 e0       	ldi	r24, 0x08	; 8
     50e:	80 93 00 0a 	sts	0x0A00, r24	; 0x800a00 <__RODATA_PM_OFFSET__+0x7f8a00>
     512:	08 95       	ret
     514:	8a e0       	ldi	r24, 0x0A	; 10
     516:	80 93 00 0a 	sts	0x0A00, r24	; 0x800a00 <__RODATA_PM_OFFSET__+0x7f8a00>
     51a:	08 95       	ret
     51c:	8c e0       	ldi	r24, 0x0C	; 12
     51e:	80 93 00 0a 	sts	0x0A00, r24	; 0x800a00 <__RODATA_PM_OFFSET__+0x7f8a00>
     522:	08 95       	ret
     524:	8e e0       	ldi	r24, 0x0E	; 14
     526:	80 93 00 0a 	sts	0x0A00, r24	; 0x800a00 <__RODATA_PM_OFFSET__+0x7f8a00>
     52a:	08 95       	ret
     52c:	8a e0       	ldi	r24, 0x0A	; 10
     52e:	80 93 00 0a 	sts	0x0A00, r24	; 0x800a00 <__RODATA_PM_OFFSET__+0x7f8a00>
     532:	08 95       	ret

00000534 <__vector_8>:
     534:	1f 92       	push	r1
     536:	0f 92       	push	r0
     538:	0f b6       	in	r0, 0x3f	; 63
     53a:	0f 92       	push	r0
     53c:	11 24       	eor	r1, r1
     53e:	8f 93       	push	r24
     540:	9f 93       	push	r25
     542:	af 93       	push	r26
     544:	bf 93       	push	r27
     546:	80 91 0e 3e 	lds	r24, 0x3E0E	; 0x803e0e <__data_end>
     54a:	90 91 0f 3e 	lds	r25, 0x3E0F	; 0x803e0f <__data_end+0x1>
     54e:	a0 91 10 3e 	lds	r26, 0x3E10	; 0x803e10 <__data_end+0x2>
     552:	b0 91 11 3e 	lds	r27, 0x3E11	; 0x803e11 <__data_end+0x3>
     556:	01 96       	adiw	r24, 0x01	; 1
     558:	a1 1d       	adc	r26, r1
     55a:	b1 1d       	adc	r27, r1
     55c:	80 93 0e 3e 	sts	0x3E0E, r24	; 0x803e0e <__data_end>
     560:	90 93 0f 3e 	sts	0x3E0F, r25	; 0x803e0f <__data_end+0x1>
     564:	a0 93 10 3e 	sts	0x3E10, r26	; 0x803e10 <__data_end+0x2>
     568:	b0 93 11 3e 	sts	0x3E11, r27	; 0x803e11 <__data_end+0x3>
     56c:	81 e0       	ldi	r24, 0x01	; 1
     56e:	80 93 0b 0a 	sts	0x0A0B, r24	; 0x800a0b <__RODATA_PM_OFFSET__+0x7f8a0b>
     572:	bf 91       	pop	r27
     574:	af 91       	pop	r26
     576:	9f 91       	pop	r25
     578:	8f 91       	pop	r24
     57a:	0f 90       	pop	r0
     57c:	0f be       	out	0x3f, r0	; 63
     57e:	0f 90       	pop	r0
     580:	1f 90       	pop	r1
     582:	18 95       	reti

00000584 <TIMER_OpenMillis>:
     584:	cf 92       	push	r12
     586:	df 92       	push	r13
     588:	ef 92       	push	r14
     58a:	ff 92       	push	r15
     58c:	cf 93       	push	r28
     58e:	df 93       	push	r29
     590:	6b 01       	movw	r12, r22
     592:	7c 01       	movw	r14, r24
     594:	ea 01       	movw	r28, r20
     596:	9a 01       	movw	r18, r20
     598:	a8 ee       	ldi	r26, 0xE8	; 232
     59a:	b3 e0       	ldi	r27, 0x03	; 3
     59c:	3d d3       	rcall	.+1658   	; 0xc18 <__umulhisi3>
     59e:	9b 01       	movw	r18, r22
     5a0:	ac 01       	movw	r20, r24
     5a2:	c7 01       	movw	r24, r14
     5a4:	b6 01       	movw	r22, r12
     5a6:	16 d3       	rcall	.+1580   	; 0xbd4 <__udivmodsi4>
     5a8:	69 01       	movw	r12, r18
     5aa:	7a 01       	movw	r14, r20
     5ac:	81 e0       	ldi	r24, 0x01	; 1
     5ae:	c8 1a       	sub	r12, r24
     5b0:	d1 08       	sbc	r13, r1
     5b2:	e1 08       	sbc	r14, r1
     5b4:	f1 08       	sbc	r15, r1
     5b6:	c1 14       	cp	r12, r1
     5b8:	d1 04       	cpc	r13, r1
     5ba:	81 e0       	ldi	r24, 0x01	; 1
     5bc:	e8 06       	cpc	r14, r24
     5be:	f1 04       	cpc	r15, r1
     5c0:	68 f4       	brcc	.+26     	; 0x5dc <TIMER_OpenMillis+0x58>
     5c2:	ce 01       	movw	r24, r28
     5c4:	78 df       	rcall	.-272    	; 0x4b6 <set_prescaler>
     5c6:	e0 e0       	ldi	r30, 0x00	; 0
     5c8:	fa e0       	ldi	r31, 0x0A	; 10
     5ca:	c6 a2       	std	Z+38, r12	; 0x26
     5cc:	d7 a2       	std	Z+39, r13	; 0x27
     5ce:	81 e0       	ldi	r24, 0x01	; 1
     5d0:	82 87       	std	Z+10, r24	; 0x0a
     5d2:	80 81       	ld	r24, Z
     5d4:	81 60       	ori	r24, 0x01	; 1
     5d6:	80 83       	st	Z, r24
     5d8:	81 e0       	ldi	r24, 0x01	; 1
     5da:	01 c0       	rjmp	.+2      	; 0x5de <TIMER_OpenMillis+0x5a>
     5dc:	80 e0       	ldi	r24, 0x00	; 0
     5de:	df 91       	pop	r29
     5e0:	cf 91       	pop	r28
     5e2:	ff 90       	pop	r15
     5e4:	ef 90       	pop	r14
     5e6:	df 90       	pop	r13
     5e8:	cf 90       	pop	r12
     5ea:	08 95       	ret

000005ec <millis>:
}

uint32_t millis(void)
{
	uint32_t m;
	cli();
     5ec:	f8 94       	cli
	m = millis_counter;
     5ee:	60 91 0e 3e 	lds	r22, 0x3E0E	; 0x803e0e <__data_end>
     5f2:	70 91 0f 3e 	lds	r23, 0x3E0F	; 0x803e0f <__data_end+0x1>
     5f6:	80 91 10 3e 	lds	r24, 0x3E10	; 0x803e10 <__data_end+0x2>
     5fa:	90 91 11 3e 	lds	r25, 0x3E11	; 0x803e11 <__data_end+0x3>
	sei();
     5fe:	78 94       	sei
	return m;
     600:	08 95       	ret

00000602 <UART_InitStdout>:
// FILE 객체 생성
FILE uart_output = FDEV_SETUP_STREAM(UART_putchar, NULL, _FDEV_SETUP_WRITE);

void UART_InitStdout(void)
{
	stdout = &uart_output; // printf 출력 리다이렉트
     602:	80 e0       	ldi	r24, 0x00	; 0
     604:	9e e3       	ldi	r25, 0x3E	; 62
     606:	80 93 1b 3e 	sts	0x3E1B, r24	; 0x803e1b <__iob+0x2>
     60a:	90 93 1c 3e 	sts	0x3E1C, r25	; 0x803e1c <__iob+0x3>
     60e:	08 95       	ret

00000610 <UART_Init>:
}

void UART_Init(void) 
{
	USART0.CTRLA = 0x00; // 인터럽트 비활성화 (필요시 수정)
     610:	10 92 05 08 	sts	0x0805, r1	; 0x800805 <__RODATA_PM_OFFSET__+0x7f8805>
	UART_InitStdout();
     614:	f6 df       	rcall	.-20     	; 0x602 <UART_InitStdout>
     616:	08 95       	ret

00000618 <UART_Open>:
}

void UART_Open(uint32_t f_cpu, uint32_t baudrate) {
	// Baudrate 계산
	uint16_t baud_setting = ((uint16_t) (F_CPU * 64 / (16 * (float)baudrate)));
     618:	ca 01       	movw	r24, r20
     61a:	b9 01       	movw	r22, r18
     61c:	e0 d1       	rcall	.+960    	; 0x9de <__floatunsisf>
     61e:	20 e0       	ldi	r18, 0x00	; 0
     620:	30 e0       	ldi	r19, 0x00	; 0
     622:	40 e8       	ldi	r20, 0x80	; 128
     624:	51 e4       	ldi	r21, 0x41	; 65
     626:	69 d2       	rcall	.+1234   	; 0xafa <__mulsf3>
     628:	9b 01       	movw	r18, r22
     62a:	ac 01       	movw	r20, r24
     62c:	60 e8       	ldi	r22, 0x80	; 128
     62e:	76 e9       	ldi	r23, 0x96	; 150
     630:	88 e1       	ldi	r24, 0x18	; 24
     632:	9e e4       	ldi	r25, 0x4E	; 78
     634:	33 d1       	rcall	.+614    	; 0x89c <__divsf3>
     636:	a4 d1       	rcall	.+840    	; 0x980 <__fixunssfsi>
	
	USART0.BAUD = baud_setting;
     638:	e0 e0       	ldi	r30, 0x00	; 0
     63a:	f8 e0       	ldi	r31, 0x08	; 8
     63c:	60 87       	std	Z+8, r22	; 0x08
     63e:	71 87       	std	Z+9, r23	; 0x09

	// 핀 방향 설정
	PORTB.DIRSET = PIN2_bm; // PB2 TX 출력
     640:	a0 e2       	ldi	r26, 0x20	; 32
     642:	b4 e0       	ldi	r27, 0x04	; 4
     644:	84 e0       	ldi	r24, 0x04	; 4
     646:	11 96       	adiw	r26, 0x01	; 1
     648:	8c 93       	st	X, r24
     64a:	11 97       	sbiw	r26, 0x01	; 1
	PORTB.DIRCLR = PIN3_bm; // PB3 RX 입력	
     64c:	88 e0       	ldi	r24, 0x08	; 8
     64e:	12 96       	adiw	r26, 0x02	; 2
     650:	8c 93       	st	X, r24
	USART0.CTRLB = 0 << USART_MPCM_bp     /* Multi-processor Communication Mode: disabled */
     652:	80 ec       	ldi	r24, 0xC0	; 192
     654:	86 83       	std	Z+6, r24	; 0x06
		     	 | 0 << USART_ODME_bp     /* Open Drain Mode Enable: disabled */
				 | 1 << USART_RXEN_bp     /* Reciever enable: enabled */
				 | USART_RXMODE_NORMAL_gc /* Normal mode */
				 | 0 << USART_SFDEN_bp    /* Start Frame Detection Enable: disabled */
				 | 1 << USART_TXEN_bp;    /* Transmitter Enable: enabled */
	USART0.CTRLC = USART_CHSIZE_8BIT_gc; // 8비트, No parity, 1 stop
     656:	83 e0       	ldi	r24, 0x03	; 3
     658:	87 83       	std	Z+7, r24	; 0x07
     65a:	08 95       	ret

0000065c <UART_WriteChar>:
}


void UART_WriteChar(char c) 
{
	while (!(USART0.STATUS & USART_DREIF_bm)); // Data Register Empty
     65c:	90 91 04 08 	lds	r25, 0x0804	; 0x800804 <__RODATA_PM_OFFSET__+0x7f8804>
     660:	95 ff       	sbrs	r25, 5
     662:	fc cf       	rjmp	.-8      	; 0x65c <UART_WriteChar>
	USART0.TXDATAL = c;
     664:	80 93 02 08 	sts	0x0802, r24	; 0x800802 <__RODATA_PM_OFFSET__+0x7f8802>
     668:	08 95       	ret

0000066a <UART_putchar>:
#include "uart.h"


// putchar 대체 함수
int UART_putchar(char c, FILE *stream)
{
     66a:	cf 93       	push	r28
     66c:	c8 2f       	mov	r28, r24
	if (c == '\n') {
     66e:	8a 30       	cpi	r24, 0x0A	; 10
     670:	11 f4       	brne	.+4      	; 0x676 <UART_putchar+0xc>
		UART_WriteChar('\r'); // CRLF 처리
     672:	8d e0       	ldi	r24, 0x0D	; 13
     674:	f3 df       	rcall	.-26     	; 0x65c <UART_WriteChar>
	}
	UART_WriteChar(c);
     676:	8c 2f       	mov	r24, r28
     678:	f1 df       	rcall	.-30     	; 0x65c <UART_WriteChar>
	return 0;
}
     67a:	80 e0       	ldi	r24, 0x00	; 0
     67c:	90 e0       	ldi	r25, 0x00	; 0
     67e:	cf 91       	pop	r28
     680:	08 95       	ret

00000682 <VL53_WriteByte>:

bool VL53_WriteWord(uint8_t reg, uint16_t value)
{
	uint8_t buf[3] = {reg, (value >> 8) & 0xFF, value & 0xFF};
	return I2C_WriteBytes(VL53L0X_ADDR, buf, 3);
}
     682:	cf 93       	push	r28
     684:	df 93       	push	r29
     686:	00 d0       	rcall	.+0      	; 0x688 <VL53_WriteByte+0x6>
     688:	cd b7       	in	r28, 0x3d	; 61
     68a:	de b7       	in	r29, 0x3e	; 62
     68c:	89 83       	std	Y+1, r24	; 0x01
     68e:	6a 83       	std	Y+2, r22	; 0x02
     690:	42 e0       	ldi	r20, 0x02	; 2
     692:	be 01       	movw	r22, r28
     694:	6f 5f       	subi	r22, 0xFF	; 255
     696:	7f 4f       	sbci	r23, 0xFF	; 255
     698:	89 e2       	ldi	r24, 0x29	; 41
     69a:	50 de       	rcall	.-864    	; 0x33c <I2C_WriteBytes>
     69c:	0f 90       	pop	r0
     69e:	0f 90       	pop	r0
     6a0:	df 91       	pop	r29
     6a2:	cf 91       	pop	r28
     6a4:	08 95       	ret

000006a6 <VL53_ReadByte>:

uint8_t VL53_ReadByte(uint16_t reg)
{
     6a6:	cf 93       	push	r28
     6a8:	df 93       	push	r29
     6aa:	1f 92       	push	r1
     6ac:	cd b7       	in	r28, 0x3d	; 61
     6ae:	de b7       	in	r29, 0x3e	; 62
	uint8_t val = 0;
     6b0:	19 82       	std	Y+1, r1	; 0x01
	I2C_ReadRegAddr8(VL53L0X_ADDR, reg & 0xFF, &val, 1);
     6b2:	21 e0       	ldi	r18, 0x01	; 1
     6b4:	ae 01       	movw	r20, r28
     6b6:	4f 5f       	subi	r20, 0xFF	; 255
     6b8:	5f 4f       	sbci	r21, 0xFF	; 255
     6ba:	68 2f       	mov	r22, r24
     6bc:	89 e2       	ldi	r24, 0x29	; 41
     6be:	70 de       	rcall	.-800    	; 0x3a0 <I2C_ReadRegAddr8>
	return val;
}
     6c0:	89 81       	ldd	r24, Y+1	; 0x01
     6c2:	0f 90       	pop	r0
     6c4:	df 91       	pop	r29
     6c6:	cf 91       	pop	r28
     6c8:	08 95       	ret

000006ca <VL53_Init>:


#if 1
bool VL53_Init(void)
{
	if (VL53_ReadByte(0x00C0) != 0xEE) return false;
     6ca:	80 ec       	ldi	r24, 0xC0	; 192
     6cc:	90 e0       	ldi	r25, 0x00	; 0
     6ce:	eb df       	rcall	.-42     	; 0x6a6 <VL53_ReadByte>
     6d0:	8e 3e       	cpi	r24, 0xEE	; 238
     6d2:	e1 f4       	brne	.+56     	; 0x70c <VL53_Init+0x42>

	VL53_WriteByte(0x88, 0x00);
     6d4:	60 e0       	ldi	r22, 0x00	; 0
     6d6:	88 e8       	ldi	r24, 0x88	; 136
     6d8:	d4 df       	rcall	.-88     	; 0x682 <VL53_WriteByte>
	VL53_WriteByte(0x80, 0x01);
     6da:	61 e0       	ldi	r22, 0x01	; 1
     6dc:	80 e8       	ldi	r24, 0x80	; 128
     6de:	d1 df       	rcall	.-94     	; 0x682 <VL53_WriteByte>
	VL53_WriteByte(0xFF, 0x01);
     6e0:	61 e0       	ldi	r22, 0x01	; 1
     6e2:	8f ef       	ldi	r24, 0xFF	; 255
     6e4:	ce df       	rcall	.-100    	; 0x682 <VL53_WriteByte>
	VL53_WriteByte(0x00, 0x00);
     6e6:	60 e0       	ldi	r22, 0x00	; 0
     6e8:	80 e0       	ldi	r24, 0x00	; 0
     6ea:	cb df       	rcall	.-106    	; 0x682 <VL53_WriteByte>
	stop_variable = VL53_ReadByte(0x0091);
     6ec:	81 e9       	ldi	r24, 0x91	; 145
     6ee:	90 e0       	ldi	r25, 0x00	; 0
     6f0:	da df       	rcall	.-76     	; 0x6a6 <VL53_ReadByte>
     6f2:	80 93 18 3e 	sts	0x3E18, r24	; 0x803e18 <stop_variable>
	VL53_WriteByte(0x00, 0x01);
     6f6:	61 e0       	ldi	r22, 0x01	; 1
     6f8:	80 e0       	ldi	r24, 0x00	; 0
     6fa:	c3 df       	rcall	.-122    	; 0x682 <VL53_WriteByte>
	VL53_WriteByte(0xFF, 0x00);
     6fc:	60 e0       	ldi	r22, 0x00	; 0
     6fe:	8f ef       	ldi	r24, 0xFF	; 255
     700:	c0 df       	rcall	.-128    	; 0x682 <VL53_WriteByte>
	VL53_WriteByte(0x80, 0x00);
     702:	60 e0       	ldi	r22, 0x00	; 0
     704:	80 e8       	ldi	r24, 0x80	; 128
     706:	bd df       	rcall	.-134    	; 0x682 <VL53_WriteByte>
	
	return true;
     708:	81 e0       	ldi	r24, 0x01	; 1
     70a:	08 95       	ret


#if 1
bool VL53_Init(void)
{
	if (VL53_ReadByte(0x00C0) != 0xEE) return false;
     70c:	80 e0       	ldi	r24, 0x00	; 0
	VL53_WriteByte(0x00, 0x01);
	VL53_WriteByte(0xFF, 0x00);
	VL53_WriteByte(0x80, 0x00);
	
	return true;
}
     70e:	08 95       	ret

00000710 <VL53_ReadBytes>:
	I2C_ReadRegAddr8(VL53L0X_ADDR, reg & 0xFF, &val, 1);
	return val;
}

void VL53_ReadBytes(uint8_t reg, uint8_t *data, uint8_t len)
{
     710:	ff 92       	push	r15
     712:	0f 93       	push	r16
     714:	1f 93       	push	r17
     716:	cf 93       	push	r28
     718:	df 93       	push	r29
     71a:	cd b7       	in	r28, 0x3d	; 61
     71c:	de b7       	in	r29, 0x3e	; 62
     71e:	c0 54       	subi	r28, 0x40	; 64
     720:	d1 09       	sbc	r29, r1
     722:	cd bf       	out	0x3d, r28	; 61
     724:	de bf       	out	0x3e, r29	; 62
     726:	8b 01       	movw	r16, r22
     728:	f4 2e       	mov	r15, r20
	uint8_t buf[64];
	
	if (!I2C_ReadRegAddr8(VL53L0X_ADDR, reg, buf, len))
     72a:	24 2f       	mov	r18, r20
     72c:	ae 01       	movw	r20, r28
     72e:	4f 5f       	subi	r20, 0xFF	; 255
     730:	5f 4f       	sbci	r21, 0xFF	; 255
     732:	68 2f       	mov	r22, r24
     734:	89 e2       	ldi	r24, 0x29	; 41
     736:	34 de       	rcall	.-920    	; 0x3a0 <I2C_ReadRegAddr8>
     738:	81 11       	cpse	r24, r1
     73a:	03 c0       	rjmp	.+6      	; 0x742 <VL53_ReadBytes+0x32>
	{
		buf[0] = 0xFF;
     73c:	8f ef       	ldi	r24, 0xFF	; 255
     73e:	89 83       	std	Y+1, r24	; 0x01
		buf[1] = 0xFF;
     740:	8a 83       	std	Y+2, r24	; 0x02
	I2C_ReadRegAddr8(VL53L0X_ADDR, reg & 0xFF, &val, 1);
	return val;
}

void VL53_ReadBytes(uint8_t reg, uint8_t *data, uint8_t len)
{
     742:	20 e0       	ldi	r18, 0x00	; 0
     744:	0e c0       	rjmp	.+28     	; 0x762 <VL53_ReadBytes+0x52>
		buf[1] = 0xFF;
	}
	
	for(uint8_t i=0; i<len; i++)
	{
		data[i] = buf[i];
     746:	82 2f       	mov	r24, r18
     748:	90 e0       	ldi	r25, 0x00	; 0
     74a:	f8 01       	movw	r30, r16
     74c:	e8 0f       	add	r30, r24
     74e:	f9 1f       	adc	r31, r25
     750:	a1 e0       	ldi	r26, 0x01	; 1
     752:	b0 e0       	ldi	r27, 0x00	; 0
     754:	ac 0f       	add	r26, r28
     756:	bd 1f       	adc	r27, r29
     758:	a8 0f       	add	r26, r24
     75a:	b9 1f       	adc	r27, r25
     75c:	8c 91       	ld	r24, X
     75e:	80 83       	st	Z, r24
	{
		buf[0] = 0xFF;
		buf[1] = 0xFF;
	}
	
	for(uint8_t i=0; i<len; i++)
     760:	2f 5f       	subi	r18, 0xFF	; 255
     762:	2f 15       	cp	r18, r15
     764:	80 f3       	brcs	.-32     	; 0x746 <VL53_ReadBytes+0x36>
	{
		data[i] = buf[i];
	}
}
     766:	c0 5c       	subi	r28, 0xC0	; 192
     768:	df 4f       	sbci	r29, 0xFF	; 255
     76a:	cd bf       	out	0x3d, r28	; 61
     76c:	de bf       	out	0x3e, r29	; 62
     76e:	df 91       	pop	r29
     770:	cf 91       	pop	r28
     772:	1f 91       	pop	r17
     774:	0f 91       	pop	r16
     776:	ff 90       	pop	r15
     778:	08 95       	ret

0000077a <VL53_ReadBytes16>:

void VL53_ReadBytes16(uint16_t reg, uint8_t *data, uint8_t len)
{
     77a:	ff 92       	push	r15
     77c:	0f 93       	push	r16
     77e:	1f 93       	push	r17
     780:	cf 93       	push	r28
     782:	df 93       	push	r29
     784:	cd b7       	in	r28, 0x3d	; 61
     786:	de b7       	in	r29, 0x3e	; 62
     788:	c0 54       	subi	r28, 0x40	; 64
     78a:	d1 09       	sbc	r29, r1
     78c:	cd bf       	out	0x3d, r28	; 61
     78e:	de bf       	out	0x3e, r29	; 62
     790:	8b 01       	movw	r16, r22
     792:	f4 2e       	mov	r15, r20
	uint8_t buf[64];
	
	if (!I2C_ReadRegAddr16(VL53L0X_ADDR, reg, buf, len))
     794:	24 2f       	mov	r18, r20
     796:	ae 01       	movw	r20, r28
     798:	4f 5f       	subi	r20, 0xFF	; 255
     79a:	5f 4f       	sbci	r21, 0xFF	; 255
     79c:	bc 01       	movw	r22, r24
     79e:	89 e2       	ldi	r24, 0x29	; 41
     7a0:	34 de       	rcall	.-920    	; 0x40a <I2C_ReadRegAddr16>
     7a2:	81 11       	cpse	r24, r1
     7a4:	03 c0       	rjmp	.+6      	; 0x7ac <VL53_ReadBytes16+0x32>
	{
		buf[0] = 0xFF;
     7a6:	8f ef       	ldi	r24, 0xFF	; 255
     7a8:	89 83       	std	Y+1, r24	; 0x01
		buf[1] = 0xFF;
     7aa:	8a 83       	std	Y+2, r24	; 0x02
		data[i] = buf[i];
	}
}

void VL53_ReadBytes16(uint16_t reg, uint8_t *data, uint8_t len)
{
     7ac:	20 e0       	ldi	r18, 0x00	; 0
     7ae:	0e c0       	rjmp	.+28     	; 0x7cc <VL53_ReadBytes16+0x52>
		buf[1] = 0xFF;
	}
	
	for(uint8_t i=0; i<len; i++)
	{
		data[i] = buf[i];
     7b0:	82 2f       	mov	r24, r18
     7b2:	90 e0       	ldi	r25, 0x00	; 0
     7b4:	f8 01       	movw	r30, r16
     7b6:	e8 0f       	add	r30, r24
     7b8:	f9 1f       	adc	r31, r25
     7ba:	a1 e0       	ldi	r26, 0x01	; 1
     7bc:	b0 e0       	ldi	r27, 0x00	; 0
     7be:	ac 0f       	add	r26, r28
     7c0:	bd 1f       	adc	r27, r29
     7c2:	a8 0f       	add	r26, r24
     7c4:	b9 1f       	adc	r27, r25
     7c6:	8c 91       	ld	r24, X
     7c8:	80 83       	st	Z, r24
	{
		buf[0] = 0xFF;
		buf[1] = 0xFF;
	}
	
	for(uint8_t i=0; i<len; i++)
     7ca:	2f 5f       	subi	r18, 0xFF	; 255
     7cc:	2f 15       	cp	r18, r15
     7ce:	80 f3       	brcs	.-32     	; 0x7b0 <VL53_ReadBytes16+0x36>
	{
		data[i] = buf[i];
	}
     7d0:	c0 5c       	subi	r28, 0xC0	; 192
     7d2:	df 4f       	sbci	r29, 0xFF	; 255
     7d4:	cd bf       	out	0x3d, r28	; 61
     7d6:	de bf       	out	0x3e, r29	; 62
     7d8:	df 91       	pop	r29
     7da:	cf 91       	pop	r28
     7dc:	1f 91       	pop	r17
     7de:	0f 91       	pop	r16
     7e0:	ff 90       	pop	r15
     7e2:	08 95       	ret

000007e4 <VL53_ReadDistance>:
	return true;
}
#endif

uint16_t VL53_ReadDistance(void)
{
     7e4:	0f 93       	push	r16
     7e6:	1f 93       	push	r17
     7e8:	cf 93       	push	r28
     7ea:	df 93       	push	r29
     7ec:	00 d0       	rcall	.+0      	; 0x7ee <VL53_ReadDistance+0xa>
     7ee:	1f 92       	push	r1
     7f0:	cd b7       	in	r28, 0x3d	; 61
     7f2:	de b7       	in	r29, 0x3e	; 62
	VL53_WriteByte(0x80, 0x01);
     7f4:	61 e0       	ldi	r22, 0x01	; 1
     7f6:	80 e8       	ldi	r24, 0x80	; 128
     7f8:	44 df       	rcall	.-376    	; 0x682 <VL53_WriteByte>
	VL53_WriteByte(0xFF, 0x01);
     7fa:	61 e0       	ldi	r22, 0x01	; 1
     7fc:	8f ef       	ldi	r24, 0xFF	; 255
     7fe:	41 df       	rcall	.-382    	; 0x682 <VL53_WriteByte>
	VL53_WriteByte(0x00, 0x00);
     800:	60 e0       	ldi	r22, 0x00	; 0
     802:	80 e0       	ldi	r24, 0x00	; 0
     804:	3e df       	rcall	.-388    	; 0x682 <VL53_WriteByte>
	VL53_WriteByte(0x91, stop_variable);
     806:	60 91 18 3e 	lds	r22, 0x3E18	; 0x803e18 <stop_variable>
     80a:	81 e9       	ldi	r24, 0x91	; 145
     80c:	3a df       	rcall	.-396    	; 0x682 <VL53_WriteByte>
	VL53_WriteByte(0x00, 0x01);
     80e:	61 e0       	ldi	r22, 0x01	; 1
     810:	80 e0       	ldi	r24, 0x00	; 0
     812:	37 df       	rcall	.-402    	; 0x682 <VL53_WriteByte>
	VL53_WriteByte(0xFF, 0x00);
     814:	60 e0       	ldi	r22, 0x00	; 0
     816:	8f ef       	ldi	r24, 0xFF	; 255
     818:	34 df       	rcall	.-408    	; 0x682 <VL53_WriteByte>
	VL53_WriteByte(0x80, 0x00);
     81a:	60 e0       	ldi	r22, 0x00	; 0
     81c:	80 e8       	ldi	r24, 0x80	; 128
     81e:	31 df       	rcall	.-414    	; 0x682 <VL53_WriteByte>

	// SYSRANGE_START 쓰기
	VL53_WriteByte(0x00, 0x01);
     820:	61 e0       	ldi	r22, 0x01	; 1
     822:	80 e0       	ldi	r24, 0x00	; 0
     824:	2e df       	rcall	.-420    	; 0x682 <VL53_WriteByte>
	while (VL53_ReadByte(0x0000) & 0x01);
     826:	80 e0       	ldi	r24, 0x00	; 0
     828:	90 e0       	ldi	r25, 0x00	; 0
     82a:	3d df       	rcall	.-390    	; 0x6a6 <VL53_ReadByte>
     82c:	80 fd       	sbrc	r24, 0
     82e:	fb cf       	rjmp	.-10     	; 0x826 <VL53_ReadDistance+0x42>
     830:	08 e8       	ldi	r16, 0x88	; 136
     832:	13 e1       	ldi	r17, 0x13	; 19
     834:	0e c0       	rjmp	.+28     	; 0x852 <VL53_ReadDistance+0x6e>
	uint16_t timeout = 5000;
	uint8_t data;
	
	while ((data & 0x07) == 0)
	{
		VL53_ReadBytes16(0x0013, &data, 1);
     836:	41 e0       	ldi	r20, 0x01	; 1
     838:	be 01       	movw	r22, r28
     83a:	6f 5f       	subi	r22, 0xFF	; 255
     83c:	7f 4f       	sbci	r23, 0xFF	; 255
     83e:	83 e1       	ldi	r24, 0x13	; 19
     840:	90 e0       	ldi	r25, 0x00	; 0
     842:	9b df       	rcall	.-202    	; 0x77a <VL53_ReadBytes16>
		if (--timeout == 0) return 0xFFFF;
     844:	01 50       	subi	r16, 0x01	; 1
     846:	11 09       	sbc	r17, r1
     848:	e1 f0       	breq	.+56     	; 0x882 <VL53_ReadDistance+0x9e>
	#else
		//round up by default
		__ticks_dc = (uint32_t)(ceil(fabs(__tmp)));
	#endif

	__builtin_avr_delay_cycles(__ticks_dc);
     84a:	81 e2       	ldi	r24, 0x21	; 33
     84c:	8a 95       	dec	r24
     84e:	f1 f7       	brne	.-4      	; 0x84c <VL53_ReadDistance+0x68>
     850:	00 00       	nop
	while (VL53_ReadByte(0x0000) & 0x01);

	uint16_t timeout = 5000;
	uint8_t data;
	
	while ((data & 0x07) == 0)
     852:	89 81       	ldd	r24, Y+1	; 0x01
     854:	87 70       	andi	r24, 0x07	; 7
     856:	79 f3       	breq	.-34     	; 0x836 <VL53_ReadDistance+0x52>
		_delay_us(10);
	}
	
	uint8_t rangeArr[2];
	uint16_t range;
	VL53_ReadBytes(0x1E, rangeArr, 2);
     858:	42 e0       	ldi	r20, 0x02	; 2
     85a:	be 01       	movw	r22, r28
     85c:	6e 5f       	subi	r22, 0xFE	; 254
     85e:	7f 4f       	sbci	r23, 0xFF	; 255
     860:	8e e1       	ldi	r24, 0x1E	; 30
     862:	56 df       	rcall	.-340    	; 0x710 <VL53_ReadBytes>
	range = (rangeArr[0] << 8) | rangeArr[1];
     864:	0a 81       	ldd	r16, Y+2	; 0x02
     866:	10 e0       	ldi	r17, 0x00	; 0
     868:	10 2f       	mov	r17, r16
     86a:	00 27       	eor	r16, r16
     86c:	8b 81       	ldd	r24, Y+3	; 0x03
     86e:	08 2b       	or	r16, r24
	
	VL53_WriteByte(0x0B, 0x01);
     870:	61 e0       	ldi	r22, 0x01	; 1
     872:	8b e0       	ldi	r24, 0x0B	; 11
     874:	06 df       	rcall	.-500    	; 0x682 <VL53_WriteByte>
	VL53_WriteByte(0x00, 0x00);
     876:	60 e0       	ldi	r22, 0x00	; 0
     878:	80 e0       	ldi	r24, 0x00	; 0
     87a:	03 df       	rcall	.-506    	; 0x682 <VL53_WriteByte>

	return range;
     87c:	80 2f       	mov	r24, r16
     87e:	91 2f       	mov	r25, r17
     880:	02 c0       	rjmp	.+4      	; 0x886 <VL53_ReadDistance+0xa2>
	uint8_t data;
	
	while ((data & 0x07) == 0)
	{
		VL53_ReadBytes16(0x0013, &data, 1);
		if (--timeout == 0) return 0xFFFF;
     882:	8f ef       	ldi	r24, 0xFF	; 255
     884:	9f ef       	ldi	r25, 0xFF	; 255
	
	VL53_WriteByte(0x0B, 0x01);
	VL53_WriteByte(0x00, 0x00);

	return range;
}
     886:	23 96       	adiw	r28, 0x03	; 3
     888:	cd bf       	out	0x3d, r28	; 61
     88a:	de bf       	out	0x3e, r29	; 62
     88c:	df 91       	pop	r29
     88e:	cf 91       	pop	r28
     890:	1f 91       	pop	r17
     892:	0f 91       	pop	r16
     894:	08 95       	ret

00000896 <main>:
#include "app.h"


int main(void)
{
	APP_Init();
     896:	02 dc       	rcall	.-2044   	; 0x9c <APP_Init>

  /* Replace with your application code */
  while (1) 
  {
	APP_Run();
     898:	4f dc       	rcall	.-1890   	; 0x138 <APP_Run>
     89a:	fe cf       	rjmp	.-4      	; 0x898 <main+0x2>

0000089c <__divsf3>:
     89c:	0e 94 62 04 	call	0x8c4	; 0x8c4 <__divsf3x>
     8a0:	0c 94 43 05 	jmp	0xa86	; 0xa86 <__fp_round>
     8a4:	0e 94 3c 05 	call	0xa78	; 0xa78 <__fp_pscB>
     8a8:	58 f0       	brcs	.+22     	; 0x8c0 <__divsf3+0x24>
     8aa:	0e 94 35 05 	call	0xa6a	; 0xa6a <__fp_pscA>
     8ae:	40 f0       	brcs	.+16     	; 0x8c0 <__divsf3+0x24>
     8b0:	29 f4       	brne	.+10     	; 0x8bc <__divsf3+0x20>
     8b2:	5f 3f       	cpi	r21, 0xFF	; 255
     8b4:	29 f0       	breq	.+10     	; 0x8c0 <__divsf3+0x24>
     8b6:	0c 94 2c 05 	jmp	0xa58	; 0xa58 <__fp_inf>
     8ba:	51 11       	cpse	r21, r1
     8bc:	0c 94 77 05 	jmp	0xaee	; 0xaee <__fp_szero>
     8c0:	0c 94 32 05 	jmp	0xa64	; 0xa64 <__fp_nan>

000008c4 <__divsf3x>:
     8c4:	0e 94 54 05 	call	0xaa8	; 0xaa8 <__fp_split3>
     8c8:	68 f3       	brcs	.-38     	; 0x8a4 <__divsf3+0x8>

000008ca <__divsf3_pse>:
     8ca:	99 23       	and	r25, r25
     8cc:	b1 f3       	breq	.-20     	; 0x8ba <__divsf3+0x1e>
     8ce:	55 23       	and	r21, r21
     8d0:	91 f3       	breq	.-28     	; 0x8b6 <__divsf3+0x1a>
     8d2:	95 1b       	sub	r25, r21
     8d4:	55 0b       	sbc	r21, r21
     8d6:	bb 27       	eor	r27, r27
     8d8:	aa 27       	eor	r26, r26
     8da:	62 17       	cp	r22, r18
     8dc:	73 07       	cpc	r23, r19
     8de:	84 07       	cpc	r24, r20
     8e0:	38 f0       	brcs	.+14     	; 0x8f0 <__divsf3_pse+0x26>
     8e2:	9f 5f       	subi	r25, 0xFF	; 255
     8e4:	5f 4f       	sbci	r21, 0xFF	; 255
     8e6:	22 0f       	add	r18, r18
     8e8:	33 1f       	adc	r19, r19
     8ea:	44 1f       	adc	r20, r20
     8ec:	aa 1f       	adc	r26, r26
     8ee:	a9 f3       	breq	.-22     	; 0x8da <__divsf3_pse+0x10>
     8f0:	35 d0       	rcall	.+106    	; 0x95c <__divsf3_pse+0x92>
     8f2:	0e 2e       	mov	r0, r30
     8f4:	3a f0       	brmi	.+14     	; 0x904 <__divsf3_pse+0x3a>
     8f6:	e0 e8       	ldi	r30, 0x80	; 128
     8f8:	32 d0       	rcall	.+100    	; 0x95e <__divsf3_pse+0x94>
     8fa:	91 50       	subi	r25, 0x01	; 1
     8fc:	50 40       	sbci	r21, 0x00	; 0
     8fe:	e6 95       	lsr	r30
     900:	00 1c       	adc	r0, r0
     902:	ca f7       	brpl	.-14     	; 0x8f6 <__divsf3_pse+0x2c>
     904:	2b d0       	rcall	.+86     	; 0x95c <__divsf3_pse+0x92>
     906:	fe 2f       	mov	r31, r30
     908:	29 d0       	rcall	.+82     	; 0x95c <__divsf3_pse+0x92>
     90a:	66 0f       	add	r22, r22
     90c:	77 1f       	adc	r23, r23
     90e:	88 1f       	adc	r24, r24
     910:	bb 1f       	adc	r27, r27
     912:	26 17       	cp	r18, r22
     914:	37 07       	cpc	r19, r23
     916:	48 07       	cpc	r20, r24
     918:	ab 07       	cpc	r26, r27
     91a:	b0 e8       	ldi	r27, 0x80	; 128
     91c:	09 f0       	breq	.+2      	; 0x920 <__divsf3_pse+0x56>
     91e:	bb 0b       	sbc	r27, r27
     920:	80 2d       	mov	r24, r0
     922:	bf 01       	movw	r22, r30
     924:	ff 27       	eor	r31, r31
     926:	93 58       	subi	r25, 0x83	; 131
     928:	5f 4f       	sbci	r21, 0xFF	; 255
     92a:	3a f0       	brmi	.+14     	; 0x93a <__divsf3_pse+0x70>
     92c:	9e 3f       	cpi	r25, 0xFE	; 254
     92e:	51 05       	cpc	r21, r1
     930:	78 f0       	brcs	.+30     	; 0x950 <__divsf3_pse+0x86>
     932:	0c 94 2c 05 	jmp	0xa58	; 0xa58 <__fp_inf>
     936:	0c 94 77 05 	jmp	0xaee	; 0xaee <__fp_szero>
     93a:	5f 3f       	cpi	r21, 0xFF	; 255
     93c:	e4 f3       	brlt	.-8      	; 0x936 <__divsf3_pse+0x6c>
     93e:	98 3e       	cpi	r25, 0xE8	; 232
     940:	d4 f3       	brlt	.-12     	; 0x936 <__divsf3_pse+0x6c>
     942:	86 95       	lsr	r24
     944:	77 95       	ror	r23
     946:	67 95       	ror	r22
     948:	b7 95       	ror	r27
     94a:	f7 95       	ror	r31
     94c:	9f 5f       	subi	r25, 0xFF	; 255
     94e:	c9 f7       	brne	.-14     	; 0x942 <__divsf3_pse+0x78>
     950:	88 0f       	add	r24, r24
     952:	91 1d       	adc	r25, r1
     954:	96 95       	lsr	r25
     956:	87 95       	ror	r24
     958:	97 f9       	bld	r25, 7
     95a:	08 95       	ret
     95c:	e1 e0       	ldi	r30, 0x01	; 1
     95e:	66 0f       	add	r22, r22
     960:	77 1f       	adc	r23, r23
     962:	88 1f       	adc	r24, r24
     964:	bb 1f       	adc	r27, r27
     966:	62 17       	cp	r22, r18
     968:	73 07       	cpc	r23, r19
     96a:	84 07       	cpc	r24, r20
     96c:	ba 07       	cpc	r27, r26
     96e:	20 f0       	brcs	.+8      	; 0x978 <__divsf3_pse+0xae>
     970:	62 1b       	sub	r22, r18
     972:	73 0b       	sbc	r23, r19
     974:	84 0b       	sbc	r24, r20
     976:	ba 0b       	sbc	r27, r26
     978:	ee 1f       	adc	r30, r30
     97a:	88 f7       	brcc	.-30     	; 0x95e <__divsf3_pse+0x94>
     97c:	e0 95       	com	r30
     97e:	08 95       	ret

00000980 <__fixunssfsi>:
     980:	0e 94 5c 05 	call	0xab8	; 0xab8 <__fp_splitA>
     984:	88 f0       	brcs	.+34     	; 0x9a8 <__fixunssfsi+0x28>
     986:	9f 57       	subi	r25, 0x7F	; 127
     988:	98 f0       	brcs	.+38     	; 0x9b0 <__fixunssfsi+0x30>
     98a:	b9 2f       	mov	r27, r25
     98c:	99 27       	eor	r25, r25
     98e:	b7 51       	subi	r27, 0x17	; 23
     990:	b0 f0       	brcs	.+44     	; 0x9be <__fixunssfsi+0x3e>
     992:	e1 f0       	breq	.+56     	; 0x9cc <__fixunssfsi+0x4c>
     994:	66 0f       	add	r22, r22
     996:	77 1f       	adc	r23, r23
     998:	88 1f       	adc	r24, r24
     99a:	99 1f       	adc	r25, r25
     99c:	1a f0       	brmi	.+6      	; 0x9a4 <__fixunssfsi+0x24>
     99e:	ba 95       	dec	r27
     9a0:	c9 f7       	brne	.-14     	; 0x994 <__fixunssfsi+0x14>
     9a2:	14 c0       	rjmp	.+40     	; 0x9cc <__fixunssfsi+0x4c>
     9a4:	b1 30       	cpi	r27, 0x01	; 1
     9a6:	91 f0       	breq	.+36     	; 0x9cc <__fixunssfsi+0x4c>
     9a8:	0e 94 76 05 	call	0xaec	; 0xaec <__fp_zero>
     9ac:	b1 e0       	ldi	r27, 0x01	; 1
     9ae:	08 95       	ret
     9b0:	0c 94 76 05 	jmp	0xaec	; 0xaec <__fp_zero>
     9b4:	67 2f       	mov	r22, r23
     9b6:	78 2f       	mov	r23, r24
     9b8:	88 27       	eor	r24, r24
     9ba:	b8 5f       	subi	r27, 0xF8	; 248
     9bc:	39 f0       	breq	.+14     	; 0x9cc <__fixunssfsi+0x4c>
     9be:	b9 3f       	cpi	r27, 0xF9	; 249
     9c0:	cc f3       	brlt	.-14     	; 0x9b4 <__fixunssfsi+0x34>
     9c2:	86 95       	lsr	r24
     9c4:	77 95       	ror	r23
     9c6:	67 95       	ror	r22
     9c8:	b3 95       	inc	r27
     9ca:	d9 f7       	brne	.-10     	; 0x9c2 <__fixunssfsi+0x42>
     9cc:	3e f4       	brtc	.+14     	; 0x9dc <__fixunssfsi+0x5c>
     9ce:	90 95       	com	r25
     9d0:	80 95       	com	r24
     9d2:	70 95       	com	r23
     9d4:	61 95       	neg	r22
     9d6:	7f 4f       	sbci	r23, 0xFF	; 255
     9d8:	8f 4f       	sbci	r24, 0xFF	; 255
     9da:	9f 4f       	sbci	r25, 0xFF	; 255
     9dc:	08 95       	ret

000009de <__floatunsisf>:
     9de:	e8 94       	clt
     9e0:	09 c0       	rjmp	.+18     	; 0x9f4 <__floatsisf+0x12>

000009e2 <__floatsisf>:
     9e2:	97 fb       	bst	r25, 7
     9e4:	3e f4       	brtc	.+14     	; 0x9f4 <__floatsisf+0x12>
     9e6:	90 95       	com	r25
     9e8:	80 95       	com	r24
     9ea:	70 95       	com	r23
     9ec:	61 95       	neg	r22
     9ee:	7f 4f       	sbci	r23, 0xFF	; 255
     9f0:	8f 4f       	sbci	r24, 0xFF	; 255
     9f2:	9f 4f       	sbci	r25, 0xFF	; 255
     9f4:	99 23       	and	r25, r25
     9f6:	a9 f0       	breq	.+42     	; 0xa22 <__floatsisf+0x40>
     9f8:	f9 2f       	mov	r31, r25
     9fa:	96 e9       	ldi	r25, 0x96	; 150
     9fc:	bb 27       	eor	r27, r27
     9fe:	93 95       	inc	r25
     a00:	f6 95       	lsr	r31
     a02:	87 95       	ror	r24
     a04:	77 95       	ror	r23
     a06:	67 95       	ror	r22
     a08:	b7 95       	ror	r27
     a0a:	f1 11       	cpse	r31, r1
     a0c:	f8 cf       	rjmp	.-16     	; 0x9fe <__floatsisf+0x1c>
     a0e:	fa f4       	brpl	.+62     	; 0xa4e <__floatsisf+0x6c>
     a10:	bb 0f       	add	r27, r27
     a12:	11 f4       	brne	.+4      	; 0xa18 <__floatsisf+0x36>
     a14:	60 ff       	sbrs	r22, 0
     a16:	1b c0       	rjmp	.+54     	; 0xa4e <__floatsisf+0x6c>
     a18:	6f 5f       	subi	r22, 0xFF	; 255
     a1a:	7f 4f       	sbci	r23, 0xFF	; 255
     a1c:	8f 4f       	sbci	r24, 0xFF	; 255
     a1e:	9f 4f       	sbci	r25, 0xFF	; 255
     a20:	16 c0       	rjmp	.+44     	; 0xa4e <__floatsisf+0x6c>
     a22:	88 23       	and	r24, r24
     a24:	11 f0       	breq	.+4      	; 0xa2a <__floatsisf+0x48>
     a26:	96 e9       	ldi	r25, 0x96	; 150
     a28:	11 c0       	rjmp	.+34     	; 0xa4c <__floatsisf+0x6a>
     a2a:	77 23       	and	r23, r23
     a2c:	21 f0       	breq	.+8      	; 0xa36 <__floatsisf+0x54>
     a2e:	9e e8       	ldi	r25, 0x8E	; 142
     a30:	87 2f       	mov	r24, r23
     a32:	76 2f       	mov	r23, r22
     a34:	05 c0       	rjmp	.+10     	; 0xa40 <__floatsisf+0x5e>
     a36:	66 23       	and	r22, r22
     a38:	71 f0       	breq	.+28     	; 0xa56 <__floatsisf+0x74>
     a3a:	96 e8       	ldi	r25, 0x86	; 134
     a3c:	86 2f       	mov	r24, r22
     a3e:	70 e0       	ldi	r23, 0x00	; 0
     a40:	60 e0       	ldi	r22, 0x00	; 0
     a42:	2a f0       	brmi	.+10     	; 0xa4e <__floatsisf+0x6c>
     a44:	9a 95       	dec	r25
     a46:	66 0f       	add	r22, r22
     a48:	77 1f       	adc	r23, r23
     a4a:	88 1f       	adc	r24, r24
     a4c:	da f7       	brpl	.-10     	; 0xa44 <__floatsisf+0x62>
     a4e:	88 0f       	add	r24, r24
     a50:	96 95       	lsr	r25
     a52:	87 95       	ror	r24
     a54:	97 f9       	bld	r25, 7
     a56:	08 95       	ret

00000a58 <__fp_inf>:
     a58:	97 f9       	bld	r25, 7
     a5a:	9f 67       	ori	r25, 0x7F	; 127
     a5c:	80 e8       	ldi	r24, 0x80	; 128
     a5e:	70 e0       	ldi	r23, 0x00	; 0
     a60:	60 e0       	ldi	r22, 0x00	; 0
     a62:	08 95       	ret

00000a64 <__fp_nan>:
     a64:	9f ef       	ldi	r25, 0xFF	; 255
     a66:	80 ec       	ldi	r24, 0xC0	; 192
     a68:	08 95       	ret

00000a6a <__fp_pscA>:
     a6a:	00 24       	eor	r0, r0
     a6c:	0a 94       	dec	r0
     a6e:	16 16       	cp	r1, r22
     a70:	17 06       	cpc	r1, r23
     a72:	18 06       	cpc	r1, r24
     a74:	09 06       	cpc	r0, r25
     a76:	08 95       	ret

00000a78 <__fp_pscB>:
     a78:	00 24       	eor	r0, r0
     a7a:	0a 94       	dec	r0
     a7c:	12 16       	cp	r1, r18
     a7e:	13 06       	cpc	r1, r19
     a80:	14 06       	cpc	r1, r20
     a82:	05 06       	cpc	r0, r21
     a84:	08 95       	ret

00000a86 <__fp_round>:
     a86:	09 2e       	mov	r0, r25
     a88:	03 94       	inc	r0
     a8a:	00 0c       	add	r0, r0
     a8c:	11 f4       	brne	.+4      	; 0xa92 <__fp_round+0xc>
     a8e:	88 23       	and	r24, r24
     a90:	52 f0       	brmi	.+20     	; 0xaa6 <__fp_round+0x20>
     a92:	bb 0f       	add	r27, r27
     a94:	40 f4       	brcc	.+16     	; 0xaa6 <__fp_round+0x20>
     a96:	bf 2b       	or	r27, r31
     a98:	11 f4       	brne	.+4      	; 0xa9e <__fp_round+0x18>
     a9a:	60 ff       	sbrs	r22, 0
     a9c:	04 c0       	rjmp	.+8      	; 0xaa6 <__fp_round+0x20>
     a9e:	6f 5f       	subi	r22, 0xFF	; 255
     aa0:	7f 4f       	sbci	r23, 0xFF	; 255
     aa2:	8f 4f       	sbci	r24, 0xFF	; 255
     aa4:	9f 4f       	sbci	r25, 0xFF	; 255
     aa6:	08 95       	ret

00000aa8 <__fp_split3>:
     aa8:	57 fd       	sbrc	r21, 7
     aaa:	90 58       	subi	r25, 0x80	; 128
     aac:	44 0f       	add	r20, r20
     aae:	55 1f       	adc	r21, r21
     ab0:	59 f0       	breq	.+22     	; 0xac8 <__fp_splitA+0x10>
     ab2:	5f 3f       	cpi	r21, 0xFF	; 255
     ab4:	71 f0       	breq	.+28     	; 0xad2 <__fp_splitA+0x1a>
     ab6:	47 95       	ror	r20

00000ab8 <__fp_splitA>:
     ab8:	88 0f       	add	r24, r24
     aba:	97 fb       	bst	r25, 7
     abc:	99 1f       	adc	r25, r25
     abe:	61 f0       	breq	.+24     	; 0xad8 <__fp_splitA+0x20>
     ac0:	9f 3f       	cpi	r25, 0xFF	; 255
     ac2:	79 f0       	breq	.+30     	; 0xae2 <__fp_splitA+0x2a>
     ac4:	87 95       	ror	r24
     ac6:	08 95       	ret
     ac8:	12 16       	cp	r1, r18
     aca:	13 06       	cpc	r1, r19
     acc:	14 06       	cpc	r1, r20
     ace:	55 1f       	adc	r21, r21
     ad0:	f2 cf       	rjmp	.-28     	; 0xab6 <__fp_split3+0xe>
     ad2:	46 95       	lsr	r20
     ad4:	f1 df       	rcall	.-30     	; 0xab8 <__fp_splitA>
     ad6:	08 c0       	rjmp	.+16     	; 0xae8 <__fp_splitA+0x30>
     ad8:	16 16       	cp	r1, r22
     ada:	17 06       	cpc	r1, r23
     adc:	18 06       	cpc	r1, r24
     ade:	99 1f       	adc	r25, r25
     ae0:	f1 cf       	rjmp	.-30     	; 0xac4 <__fp_splitA+0xc>
     ae2:	86 95       	lsr	r24
     ae4:	71 05       	cpc	r23, r1
     ae6:	61 05       	cpc	r22, r1
     ae8:	08 94       	sec
     aea:	08 95       	ret

00000aec <__fp_zero>:
     aec:	e8 94       	clt

00000aee <__fp_szero>:
     aee:	bb 27       	eor	r27, r27
     af0:	66 27       	eor	r22, r22
     af2:	77 27       	eor	r23, r23
     af4:	cb 01       	movw	r24, r22
     af6:	97 f9       	bld	r25, 7
     af8:	08 95       	ret

00000afa <__mulsf3>:
     afa:	0e 94 90 05 	call	0xb20	; 0xb20 <__mulsf3x>
     afe:	0c 94 43 05 	jmp	0xa86	; 0xa86 <__fp_round>
     b02:	0e 94 35 05 	call	0xa6a	; 0xa6a <__fp_pscA>
     b06:	38 f0       	brcs	.+14     	; 0xb16 <__mulsf3+0x1c>
     b08:	0e 94 3c 05 	call	0xa78	; 0xa78 <__fp_pscB>
     b0c:	20 f0       	brcs	.+8      	; 0xb16 <__mulsf3+0x1c>
     b0e:	95 23       	and	r25, r21
     b10:	11 f0       	breq	.+4      	; 0xb16 <__mulsf3+0x1c>
     b12:	0c 94 2c 05 	jmp	0xa58	; 0xa58 <__fp_inf>
     b16:	0c 94 32 05 	jmp	0xa64	; 0xa64 <__fp_nan>
     b1a:	11 24       	eor	r1, r1
     b1c:	0c 94 77 05 	jmp	0xaee	; 0xaee <__fp_szero>

00000b20 <__mulsf3x>:
     b20:	0e 94 54 05 	call	0xaa8	; 0xaa8 <__fp_split3>
     b24:	70 f3       	brcs	.-36     	; 0xb02 <__mulsf3+0x8>

00000b26 <__mulsf3_pse>:
     b26:	95 9f       	mul	r25, r21
     b28:	c1 f3       	breq	.-16     	; 0xb1a <__mulsf3+0x20>
     b2a:	95 0f       	add	r25, r21
     b2c:	50 e0       	ldi	r21, 0x00	; 0
     b2e:	55 1f       	adc	r21, r21
     b30:	62 9f       	mul	r22, r18
     b32:	f0 01       	movw	r30, r0
     b34:	72 9f       	mul	r23, r18
     b36:	bb 27       	eor	r27, r27
     b38:	f0 0d       	add	r31, r0
     b3a:	b1 1d       	adc	r27, r1
     b3c:	63 9f       	mul	r22, r19
     b3e:	aa 27       	eor	r26, r26
     b40:	f0 0d       	add	r31, r0
     b42:	b1 1d       	adc	r27, r1
     b44:	aa 1f       	adc	r26, r26
     b46:	64 9f       	mul	r22, r20
     b48:	66 27       	eor	r22, r22
     b4a:	b0 0d       	add	r27, r0
     b4c:	a1 1d       	adc	r26, r1
     b4e:	66 1f       	adc	r22, r22
     b50:	82 9f       	mul	r24, r18
     b52:	22 27       	eor	r18, r18
     b54:	b0 0d       	add	r27, r0
     b56:	a1 1d       	adc	r26, r1
     b58:	62 1f       	adc	r22, r18
     b5a:	73 9f       	mul	r23, r19
     b5c:	b0 0d       	add	r27, r0
     b5e:	a1 1d       	adc	r26, r1
     b60:	62 1f       	adc	r22, r18
     b62:	83 9f       	mul	r24, r19
     b64:	a0 0d       	add	r26, r0
     b66:	61 1d       	adc	r22, r1
     b68:	22 1f       	adc	r18, r18
     b6a:	74 9f       	mul	r23, r20
     b6c:	33 27       	eor	r19, r19
     b6e:	a0 0d       	add	r26, r0
     b70:	61 1d       	adc	r22, r1
     b72:	23 1f       	adc	r18, r19
     b74:	84 9f       	mul	r24, r20
     b76:	60 0d       	add	r22, r0
     b78:	21 1d       	adc	r18, r1
     b7a:	82 2f       	mov	r24, r18
     b7c:	76 2f       	mov	r23, r22
     b7e:	6a 2f       	mov	r22, r26
     b80:	11 24       	eor	r1, r1
     b82:	9f 57       	subi	r25, 0x7F	; 127
     b84:	50 40       	sbci	r21, 0x00	; 0
     b86:	9a f0       	brmi	.+38     	; 0xbae <__mulsf3_pse+0x88>
     b88:	f1 f0       	breq	.+60     	; 0xbc6 <__mulsf3_pse+0xa0>
     b8a:	88 23       	and	r24, r24
     b8c:	4a f0       	brmi	.+18     	; 0xba0 <__mulsf3_pse+0x7a>
     b8e:	ee 0f       	add	r30, r30
     b90:	ff 1f       	adc	r31, r31
     b92:	bb 1f       	adc	r27, r27
     b94:	66 1f       	adc	r22, r22
     b96:	77 1f       	adc	r23, r23
     b98:	88 1f       	adc	r24, r24
     b9a:	91 50       	subi	r25, 0x01	; 1
     b9c:	50 40       	sbci	r21, 0x00	; 0
     b9e:	a9 f7       	brne	.-22     	; 0xb8a <__mulsf3_pse+0x64>
     ba0:	9e 3f       	cpi	r25, 0xFE	; 254
     ba2:	51 05       	cpc	r21, r1
     ba4:	80 f0       	brcs	.+32     	; 0xbc6 <__mulsf3_pse+0xa0>
     ba6:	0c 94 2c 05 	jmp	0xa58	; 0xa58 <__fp_inf>
     baa:	0c 94 77 05 	jmp	0xaee	; 0xaee <__fp_szero>
     bae:	5f 3f       	cpi	r21, 0xFF	; 255
     bb0:	e4 f3       	brlt	.-8      	; 0xbaa <__mulsf3_pse+0x84>
     bb2:	98 3e       	cpi	r25, 0xE8	; 232
     bb4:	d4 f3       	brlt	.-12     	; 0xbaa <__mulsf3_pse+0x84>
     bb6:	86 95       	lsr	r24
     bb8:	77 95       	ror	r23
     bba:	67 95       	ror	r22
     bbc:	b7 95       	ror	r27
     bbe:	f7 95       	ror	r31
     bc0:	e7 95       	ror	r30
     bc2:	9f 5f       	subi	r25, 0xFF	; 255
     bc4:	c1 f7       	brne	.-16     	; 0xbb6 <__mulsf3_pse+0x90>
     bc6:	fe 2b       	or	r31, r30
     bc8:	88 0f       	add	r24, r24
     bca:	91 1d       	adc	r25, r1
     bcc:	96 95       	lsr	r25
     bce:	87 95       	ror	r24
     bd0:	97 f9       	bld	r25, 7
     bd2:	08 95       	ret

00000bd4 <__udivmodsi4>:
     bd4:	a1 e2       	ldi	r26, 0x21	; 33
     bd6:	1a 2e       	mov	r1, r26
     bd8:	aa 1b       	sub	r26, r26
     bda:	bb 1b       	sub	r27, r27
     bdc:	fd 01       	movw	r30, r26
     bde:	0d c0       	rjmp	.+26     	; 0xbfa <__udivmodsi4_ep>

00000be0 <__udivmodsi4_loop>:
     be0:	aa 1f       	adc	r26, r26
     be2:	bb 1f       	adc	r27, r27
     be4:	ee 1f       	adc	r30, r30
     be6:	ff 1f       	adc	r31, r31
     be8:	a2 17       	cp	r26, r18
     bea:	b3 07       	cpc	r27, r19
     bec:	e4 07       	cpc	r30, r20
     bee:	f5 07       	cpc	r31, r21
     bf0:	20 f0       	brcs	.+8      	; 0xbfa <__udivmodsi4_ep>
     bf2:	a2 1b       	sub	r26, r18
     bf4:	b3 0b       	sbc	r27, r19
     bf6:	e4 0b       	sbc	r30, r20
     bf8:	f5 0b       	sbc	r31, r21

00000bfa <__udivmodsi4_ep>:
     bfa:	66 1f       	adc	r22, r22
     bfc:	77 1f       	adc	r23, r23
     bfe:	88 1f       	adc	r24, r24
     c00:	99 1f       	adc	r25, r25
     c02:	1a 94       	dec	r1
     c04:	69 f7       	brne	.-38     	; 0xbe0 <__udivmodsi4_loop>
     c06:	60 95       	com	r22
     c08:	70 95       	com	r23
     c0a:	80 95       	com	r24
     c0c:	90 95       	com	r25
     c0e:	9b 01       	movw	r18, r22
     c10:	ac 01       	movw	r20, r24
     c12:	bd 01       	movw	r22, r26
     c14:	cf 01       	movw	r24, r30
     c16:	08 95       	ret

00000c18 <__umulhisi3>:
     c18:	a2 9f       	mul	r26, r18
     c1a:	b0 01       	movw	r22, r0
     c1c:	b3 9f       	mul	r27, r19
     c1e:	c0 01       	movw	r24, r0
     c20:	a3 9f       	mul	r26, r19
     c22:	01 d0       	rcall	.+2      	; 0xc26 <__umulhisi3+0xe>
     c24:	b2 9f       	mul	r27, r18
     c26:	70 0d       	add	r23, r0
     c28:	81 1d       	adc	r24, r1
     c2a:	11 24       	eor	r1, r1
     c2c:	91 1d       	adc	r25, r1
     c2e:	08 95       	ret

00000c30 <printf>:
     c30:	a0 e0       	ldi	r26, 0x00	; 0
     c32:	b0 e0       	ldi	r27, 0x00	; 0
     c34:	ed e1       	ldi	r30, 0x1D	; 29
     c36:	f6 e0       	ldi	r31, 0x06	; 6
     c38:	d0 c2       	rjmp	.+1440   	; 0x11da <__prologue_saves__+0x20>
     c3a:	ae 01       	movw	r20, r28
     c3c:	4b 5f       	subi	r20, 0xFB	; 251
     c3e:	5f 4f       	sbci	r21, 0xFF	; 255
     c40:	fa 01       	movw	r30, r20
     c42:	61 91       	ld	r22, Z+
     c44:	71 91       	ld	r23, Z+
     c46:	af 01       	movw	r20, r30
     c48:	80 91 1b 3e 	lds	r24, 0x3E1B	; 0x803e1b <__iob+0x2>
     c4c:	90 91 1c 3e 	lds	r25, 0x3E1C	; 0x803e1c <__iob+0x3>
     c50:	32 d0       	rcall	.+100    	; 0xcb6 <vfprintf>
     c52:	e2 e0       	ldi	r30, 0x02	; 2
     c54:	db c2       	rjmp	.+1462   	; 0x120c <__epilogue_restores__+0x20>

00000c56 <puts>:
     c56:	0f 93       	push	r16
     c58:	1f 93       	push	r17
     c5a:	cf 93       	push	r28
     c5c:	df 93       	push	r29
     c5e:	e0 91 1b 3e 	lds	r30, 0x3E1B	; 0x803e1b <__iob+0x2>
     c62:	f0 91 1c 3e 	lds	r31, 0x3E1C	; 0x803e1c <__iob+0x3>
     c66:	23 81       	ldd	r18, Z+3	; 0x03
     c68:	21 ff       	sbrs	r18, 1
     c6a:	1b c0       	rjmp	.+54     	; 0xca2 <puts+0x4c>
     c6c:	8c 01       	movw	r16, r24
     c6e:	d0 e0       	ldi	r29, 0x00	; 0
     c70:	c0 e0       	ldi	r28, 0x00	; 0
     c72:	f8 01       	movw	r30, r16
     c74:	81 91       	ld	r24, Z+
     c76:	8f 01       	movw	r16, r30
     c78:	60 91 1b 3e 	lds	r22, 0x3E1B	; 0x803e1b <__iob+0x2>
     c7c:	70 91 1c 3e 	lds	r23, 0x3E1C	; 0x803e1c <__iob+0x3>
     c80:	db 01       	movw	r26, r22
     c82:	18 96       	adiw	r26, 0x08	; 8
     c84:	ed 91       	ld	r30, X+
     c86:	fc 91       	ld	r31, X
     c88:	19 97       	sbiw	r26, 0x09	; 9
     c8a:	88 23       	and	r24, r24
     c8c:	31 f0       	breq	.+12     	; 0xc9a <puts+0x44>
     c8e:	09 95       	icall
     c90:	89 2b       	or	r24, r25
     c92:	79 f3       	breq	.-34     	; 0xc72 <puts+0x1c>
     c94:	df ef       	ldi	r29, 0xFF	; 255
     c96:	cf ef       	ldi	r28, 0xFF	; 255
     c98:	ec cf       	rjmp	.-40     	; 0xc72 <puts+0x1c>
     c9a:	8a e0       	ldi	r24, 0x0A	; 10
     c9c:	09 95       	icall
     c9e:	89 2b       	or	r24, r25
     ca0:	19 f0       	breq	.+6      	; 0xca8 <puts+0x52>
     ca2:	8f ef       	ldi	r24, 0xFF	; 255
     ca4:	9f ef       	ldi	r25, 0xFF	; 255
     ca6:	02 c0       	rjmp	.+4      	; 0xcac <puts+0x56>
     ca8:	8d 2f       	mov	r24, r29
     caa:	9c 2f       	mov	r25, r28
     cac:	df 91       	pop	r29
     cae:	cf 91       	pop	r28
     cb0:	1f 91       	pop	r17
     cb2:	0f 91       	pop	r16
     cb4:	08 95       	ret

00000cb6 <vfprintf>:
     cb6:	ab e0       	ldi	r26, 0x0B	; 11
     cb8:	b0 e0       	ldi	r27, 0x00	; 0
     cba:	e0 e6       	ldi	r30, 0x60	; 96
     cbc:	f6 e0       	ldi	r31, 0x06	; 6
     cbe:	7d c2       	rjmp	.+1274   	; 0x11ba <__prologue_saves__>
     cc0:	6c 01       	movw	r12, r24
     cc2:	7b 01       	movw	r14, r22
     cc4:	8a 01       	movw	r16, r20
     cc6:	fc 01       	movw	r30, r24
     cc8:	16 82       	std	Z+6, r1	; 0x06
     cca:	17 82       	std	Z+7, r1	; 0x07
     ccc:	83 81       	ldd	r24, Z+3	; 0x03
     cce:	81 ff       	sbrs	r24, 1
     cd0:	bf c1       	rjmp	.+894    	; 0x1050 <vfprintf+0x39a>
     cd2:	ce 01       	movw	r24, r28
     cd4:	01 96       	adiw	r24, 0x01	; 1
     cd6:	3c 01       	movw	r6, r24
     cd8:	f6 01       	movw	r30, r12
     cda:	93 81       	ldd	r25, Z+3	; 0x03
     cdc:	f7 01       	movw	r30, r14
     cde:	93 fd       	sbrc	r25, 3
     ce0:	85 91       	lpm	r24, Z+
     ce2:	93 ff       	sbrs	r25, 3
     ce4:	81 91       	ld	r24, Z+
     ce6:	7f 01       	movw	r14, r30
     ce8:	88 23       	and	r24, r24
     cea:	09 f4       	brne	.+2      	; 0xcee <vfprintf+0x38>
     cec:	ad c1       	rjmp	.+858    	; 0x1048 <vfprintf+0x392>
     cee:	85 32       	cpi	r24, 0x25	; 37
     cf0:	39 f4       	brne	.+14     	; 0xd00 <vfprintf+0x4a>
     cf2:	93 fd       	sbrc	r25, 3
     cf4:	85 91       	lpm	r24, Z+
     cf6:	93 ff       	sbrs	r25, 3
     cf8:	81 91       	ld	r24, Z+
     cfa:	7f 01       	movw	r14, r30
     cfc:	85 32       	cpi	r24, 0x25	; 37
     cfe:	21 f4       	brne	.+8      	; 0xd08 <vfprintf+0x52>
     d00:	b6 01       	movw	r22, r12
     d02:	90 e0       	ldi	r25, 0x00	; 0
     d04:	c0 d1       	rcall	.+896    	; 0x1086 <fputc>
     d06:	e8 cf       	rjmp	.-48     	; 0xcd8 <vfprintf+0x22>
     d08:	91 2c       	mov	r9, r1
     d0a:	21 2c       	mov	r2, r1
     d0c:	31 2c       	mov	r3, r1
     d0e:	ff e1       	ldi	r31, 0x1F	; 31
     d10:	f3 15       	cp	r31, r3
     d12:	d8 f0       	brcs	.+54     	; 0xd4a <vfprintf+0x94>
     d14:	8b 32       	cpi	r24, 0x2B	; 43
     d16:	79 f0       	breq	.+30     	; 0xd36 <vfprintf+0x80>
     d18:	38 f4       	brcc	.+14     	; 0xd28 <vfprintf+0x72>
     d1a:	80 32       	cpi	r24, 0x20	; 32
     d1c:	79 f0       	breq	.+30     	; 0xd3c <vfprintf+0x86>
     d1e:	83 32       	cpi	r24, 0x23	; 35
     d20:	a1 f4       	brne	.+40     	; 0xd4a <vfprintf+0x94>
     d22:	23 2d       	mov	r18, r3
     d24:	20 61       	ori	r18, 0x10	; 16
     d26:	1d c0       	rjmp	.+58     	; 0xd62 <vfprintf+0xac>
     d28:	8d 32       	cpi	r24, 0x2D	; 45
     d2a:	61 f0       	breq	.+24     	; 0xd44 <vfprintf+0x8e>
     d2c:	80 33       	cpi	r24, 0x30	; 48
     d2e:	69 f4       	brne	.+26     	; 0xd4a <vfprintf+0x94>
     d30:	23 2d       	mov	r18, r3
     d32:	21 60       	ori	r18, 0x01	; 1
     d34:	16 c0       	rjmp	.+44     	; 0xd62 <vfprintf+0xac>
     d36:	83 2d       	mov	r24, r3
     d38:	82 60       	ori	r24, 0x02	; 2
     d3a:	38 2e       	mov	r3, r24
     d3c:	e3 2d       	mov	r30, r3
     d3e:	e4 60       	ori	r30, 0x04	; 4
     d40:	3e 2e       	mov	r3, r30
     d42:	2a c0       	rjmp	.+84     	; 0xd98 <vfprintf+0xe2>
     d44:	f3 2d       	mov	r31, r3
     d46:	f8 60       	ori	r31, 0x08	; 8
     d48:	1d c0       	rjmp	.+58     	; 0xd84 <vfprintf+0xce>
     d4a:	37 fc       	sbrc	r3, 7
     d4c:	2d c0       	rjmp	.+90     	; 0xda8 <vfprintf+0xf2>
     d4e:	20 ed       	ldi	r18, 0xD0	; 208
     d50:	28 0f       	add	r18, r24
     d52:	2a 30       	cpi	r18, 0x0A	; 10
     d54:	40 f0       	brcs	.+16     	; 0xd66 <vfprintf+0xb0>
     d56:	8e 32       	cpi	r24, 0x2E	; 46
     d58:	b9 f4       	brne	.+46     	; 0xd88 <vfprintf+0xd2>
     d5a:	36 fc       	sbrc	r3, 6
     d5c:	75 c1       	rjmp	.+746    	; 0x1048 <vfprintf+0x392>
     d5e:	23 2d       	mov	r18, r3
     d60:	20 64       	ori	r18, 0x40	; 64
     d62:	32 2e       	mov	r3, r18
     d64:	19 c0       	rjmp	.+50     	; 0xd98 <vfprintf+0xe2>
     d66:	36 fe       	sbrs	r3, 6
     d68:	06 c0       	rjmp	.+12     	; 0xd76 <vfprintf+0xc0>
     d6a:	8a e0       	ldi	r24, 0x0A	; 10
     d6c:	98 9e       	mul	r9, r24
     d6e:	20 0d       	add	r18, r0
     d70:	11 24       	eor	r1, r1
     d72:	92 2e       	mov	r9, r18
     d74:	11 c0       	rjmp	.+34     	; 0xd98 <vfprintf+0xe2>
     d76:	ea e0       	ldi	r30, 0x0A	; 10
     d78:	2e 9e       	mul	r2, r30
     d7a:	20 0d       	add	r18, r0
     d7c:	11 24       	eor	r1, r1
     d7e:	22 2e       	mov	r2, r18
     d80:	f3 2d       	mov	r31, r3
     d82:	f0 62       	ori	r31, 0x20	; 32
     d84:	3f 2e       	mov	r3, r31
     d86:	08 c0       	rjmp	.+16     	; 0xd98 <vfprintf+0xe2>
     d88:	8c 36       	cpi	r24, 0x6C	; 108
     d8a:	21 f4       	brne	.+8      	; 0xd94 <vfprintf+0xde>
     d8c:	83 2d       	mov	r24, r3
     d8e:	80 68       	ori	r24, 0x80	; 128
     d90:	38 2e       	mov	r3, r24
     d92:	02 c0       	rjmp	.+4      	; 0xd98 <vfprintf+0xe2>
     d94:	88 36       	cpi	r24, 0x68	; 104
     d96:	41 f4       	brne	.+16     	; 0xda8 <vfprintf+0xf2>
     d98:	f7 01       	movw	r30, r14
     d9a:	93 fd       	sbrc	r25, 3
     d9c:	85 91       	lpm	r24, Z+
     d9e:	93 ff       	sbrs	r25, 3
     da0:	81 91       	ld	r24, Z+
     da2:	7f 01       	movw	r14, r30
     da4:	81 11       	cpse	r24, r1
     da6:	b3 cf       	rjmp	.-154    	; 0xd0e <vfprintf+0x58>
     da8:	98 2f       	mov	r25, r24
     daa:	9f 7d       	andi	r25, 0xDF	; 223
     dac:	95 54       	subi	r25, 0x45	; 69
     dae:	93 30       	cpi	r25, 0x03	; 3
     db0:	28 f4       	brcc	.+10     	; 0xdbc <vfprintf+0x106>
     db2:	0c 5f       	subi	r16, 0xFC	; 252
     db4:	1f 4f       	sbci	r17, 0xFF	; 255
     db6:	9f e3       	ldi	r25, 0x3F	; 63
     db8:	99 83       	std	Y+1, r25	; 0x01
     dba:	0d c0       	rjmp	.+26     	; 0xdd6 <vfprintf+0x120>
     dbc:	83 36       	cpi	r24, 0x63	; 99
     dbe:	31 f0       	breq	.+12     	; 0xdcc <vfprintf+0x116>
     dc0:	83 37       	cpi	r24, 0x73	; 115
     dc2:	71 f0       	breq	.+28     	; 0xde0 <vfprintf+0x12a>
     dc4:	83 35       	cpi	r24, 0x53	; 83
     dc6:	09 f0       	breq	.+2      	; 0xdca <vfprintf+0x114>
     dc8:	55 c0       	rjmp	.+170    	; 0xe74 <vfprintf+0x1be>
     dca:	20 c0       	rjmp	.+64     	; 0xe0c <vfprintf+0x156>
     dcc:	f8 01       	movw	r30, r16
     dce:	80 81       	ld	r24, Z
     dd0:	89 83       	std	Y+1, r24	; 0x01
     dd2:	0e 5f       	subi	r16, 0xFE	; 254
     dd4:	1f 4f       	sbci	r17, 0xFF	; 255
     dd6:	88 24       	eor	r8, r8
     dd8:	83 94       	inc	r8
     dda:	91 2c       	mov	r9, r1
     ddc:	53 01       	movw	r10, r6
     dde:	12 c0       	rjmp	.+36     	; 0xe04 <vfprintf+0x14e>
     de0:	28 01       	movw	r4, r16
     de2:	f2 e0       	ldi	r31, 0x02	; 2
     de4:	4f 0e       	add	r4, r31
     de6:	51 1c       	adc	r5, r1
     de8:	f8 01       	movw	r30, r16
     dea:	a0 80       	ld	r10, Z
     dec:	b1 80       	ldd	r11, Z+1	; 0x01
     dee:	36 fe       	sbrs	r3, 6
     df0:	03 c0       	rjmp	.+6      	; 0xdf8 <vfprintf+0x142>
     df2:	69 2d       	mov	r22, r9
     df4:	70 e0       	ldi	r23, 0x00	; 0
     df6:	02 c0       	rjmp	.+4      	; 0xdfc <vfprintf+0x146>
     df8:	6f ef       	ldi	r22, 0xFF	; 255
     dfa:	7f ef       	ldi	r23, 0xFF	; 255
     dfc:	c5 01       	movw	r24, r10
     dfe:	38 d1       	rcall	.+624    	; 0x1070 <strnlen>
     e00:	4c 01       	movw	r8, r24
     e02:	82 01       	movw	r16, r4
     e04:	f3 2d       	mov	r31, r3
     e06:	ff 77       	andi	r31, 0x7F	; 127
     e08:	3f 2e       	mov	r3, r31
     e0a:	15 c0       	rjmp	.+42     	; 0xe36 <vfprintf+0x180>
     e0c:	28 01       	movw	r4, r16
     e0e:	22 e0       	ldi	r18, 0x02	; 2
     e10:	42 0e       	add	r4, r18
     e12:	51 1c       	adc	r5, r1
     e14:	f8 01       	movw	r30, r16
     e16:	a0 80       	ld	r10, Z
     e18:	b1 80       	ldd	r11, Z+1	; 0x01
     e1a:	36 fe       	sbrs	r3, 6
     e1c:	03 c0       	rjmp	.+6      	; 0xe24 <vfprintf+0x16e>
     e1e:	69 2d       	mov	r22, r9
     e20:	70 e0       	ldi	r23, 0x00	; 0
     e22:	02 c0       	rjmp	.+4      	; 0xe28 <vfprintf+0x172>
     e24:	6f ef       	ldi	r22, 0xFF	; 255
     e26:	7f ef       	ldi	r23, 0xFF	; 255
     e28:	c5 01       	movw	r24, r10
     e2a:	17 d1       	rcall	.+558    	; 0x105a <strnlen_P>
     e2c:	4c 01       	movw	r8, r24
     e2e:	f3 2d       	mov	r31, r3
     e30:	f0 68       	ori	r31, 0x80	; 128
     e32:	3f 2e       	mov	r3, r31
     e34:	82 01       	movw	r16, r4
     e36:	33 fc       	sbrc	r3, 3
     e38:	19 c0       	rjmp	.+50     	; 0xe6c <vfprintf+0x1b6>
     e3a:	82 2d       	mov	r24, r2
     e3c:	90 e0       	ldi	r25, 0x00	; 0
     e3e:	88 16       	cp	r8, r24
     e40:	99 06       	cpc	r9, r25
     e42:	a0 f4       	brcc	.+40     	; 0xe6c <vfprintf+0x1b6>
     e44:	b6 01       	movw	r22, r12
     e46:	80 e2       	ldi	r24, 0x20	; 32
     e48:	90 e0       	ldi	r25, 0x00	; 0
     e4a:	1d d1       	rcall	.+570    	; 0x1086 <fputc>
     e4c:	2a 94       	dec	r2
     e4e:	f5 cf       	rjmp	.-22     	; 0xe3a <vfprintf+0x184>
     e50:	f5 01       	movw	r30, r10
     e52:	37 fc       	sbrc	r3, 7
     e54:	85 91       	lpm	r24, Z+
     e56:	37 fe       	sbrs	r3, 7
     e58:	81 91       	ld	r24, Z+
     e5a:	5f 01       	movw	r10, r30
     e5c:	b6 01       	movw	r22, r12
     e5e:	90 e0       	ldi	r25, 0x00	; 0
     e60:	12 d1       	rcall	.+548    	; 0x1086 <fputc>
     e62:	21 10       	cpse	r2, r1
     e64:	2a 94       	dec	r2
     e66:	21 e0       	ldi	r18, 0x01	; 1
     e68:	82 1a       	sub	r8, r18
     e6a:	91 08       	sbc	r9, r1
     e6c:	81 14       	cp	r8, r1
     e6e:	91 04       	cpc	r9, r1
     e70:	79 f7       	brne	.-34     	; 0xe50 <vfprintf+0x19a>
     e72:	e1 c0       	rjmp	.+450    	; 0x1036 <vfprintf+0x380>
     e74:	84 36       	cpi	r24, 0x64	; 100
     e76:	11 f0       	breq	.+4      	; 0xe7c <vfprintf+0x1c6>
     e78:	89 36       	cpi	r24, 0x69	; 105
     e7a:	39 f5       	brne	.+78     	; 0xeca <vfprintf+0x214>
     e7c:	f8 01       	movw	r30, r16
     e7e:	37 fe       	sbrs	r3, 7
     e80:	07 c0       	rjmp	.+14     	; 0xe90 <vfprintf+0x1da>
     e82:	60 81       	ld	r22, Z
     e84:	71 81       	ldd	r23, Z+1	; 0x01
     e86:	82 81       	ldd	r24, Z+2	; 0x02
     e88:	93 81       	ldd	r25, Z+3	; 0x03
     e8a:	0c 5f       	subi	r16, 0xFC	; 252
     e8c:	1f 4f       	sbci	r17, 0xFF	; 255
     e8e:	08 c0       	rjmp	.+16     	; 0xea0 <vfprintf+0x1ea>
     e90:	60 81       	ld	r22, Z
     e92:	71 81       	ldd	r23, Z+1	; 0x01
     e94:	07 2e       	mov	r0, r23
     e96:	00 0c       	add	r0, r0
     e98:	88 0b       	sbc	r24, r24
     e9a:	99 0b       	sbc	r25, r25
     e9c:	0e 5f       	subi	r16, 0xFE	; 254
     e9e:	1f 4f       	sbci	r17, 0xFF	; 255
     ea0:	f3 2d       	mov	r31, r3
     ea2:	ff 76       	andi	r31, 0x6F	; 111
     ea4:	3f 2e       	mov	r3, r31
     ea6:	97 ff       	sbrs	r25, 7
     ea8:	09 c0       	rjmp	.+18     	; 0xebc <vfprintf+0x206>
     eaa:	90 95       	com	r25
     eac:	80 95       	com	r24
     eae:	70 95       	com	r23
     eb0:	61 95       	neg	r22
     eb2:	7f 4f       	sbci	r23, 0xFF	; 255
     eb4:	8f 4f       	sbci	r24, 0xFF	; 255
     eb6:	9f 4f       	sbci	r25, 0xFF	; 255
     eb8:	f0 68       	ori	r31, 0x80	; 128
     eba:	3f 2e       	mov	r3, r31
     ebc:	2a e0       	ldi	r18, 0x0A	; 10
     ebe:	30 e0       	ldi	r19, 0x00	; 0
     ec0:	a3 01       	movw	r20, r6
     ec2:	1d d1       	rcall	.+570    	; 0x10fe <__ultoa_invert>
     ec4:	88 2e       	mov	r8, r24
     ec6:	86 18       	sub	r8, r6
     ec8:	44 c0       	rjmp	.+136    	; 0xf52 <vfprintf+0x29c>
     eca:	85 37       	cpi	r24, 0x75	; 117
     ecc:	31 f4       	brne	.+12     	; 0xeda <vfprintf+0x224>
     ece:	23 2d       	mov	r18, r3
     ed0:	2f 7e       	andi	r18, 0xEF	; 239
     ed2:	b2 2e       	mov	r11, r18
     ed4:	2a e0       	ldi	r18, 0x0A	; 10
     ed6:	30 e0       	ldi	r19, 0x00	; 0
     ed8:	25 c0       	rjmp	.+74     	; 0xf24 <vfprintf+0x26e>
     eda:	93 2d       	mov	r25, r3
     edc:	99 7f       	andi	r25, 0xF9	; 249
     ede:	b9 2e       	mov	r11, r25
     ee0:	8f 36       	cpi	r24, 0x6F	; 111
     ee2:	c1 f0       	breq	.+48     	; 0xf14 <vfprintf+0x25e>
     ee4:	18 f4       	brcc	.+6      	; 0xeec <vfprintf+0x236>
     ee6:	88 35       	cpi	r24, 0x58	; 88
     ee8:	79 f0       	breq	.+30     	; 0xf08 <vfprintf+0x252>
     eea:	ae c0       	rjmp	.+348    	; 0x1048 <vfprintf+0x392>
     eec:	80 37       	cpi	r24, 0x70	; 112
     eee:	19 f0       	breq	.+6      	; 0xef6 <vfprintf+0x240>
     ef0:	88 37       	cpi	r24, 0x78	; 120
     ef2:	21 f0       	breq	.+8      	; 0xefc <vfprintf+0x246>
     ef4:	a9 c0       	rjmp	.+338    	; 0x1048 <vfprintf+0x392>
     ef6:	e9 2f       	mov	r30, r25
     ef8:	e0 61       	ori	r30, 0x10	; 16
     efa:	be 2e       	mov	r11, r30
     efc:	b4 fe       	sbrs	r11, 4
     efe:	0d c0       	rjmp	.+26     	; 0xf1a <vfprintf+0x264>
     f00:	fb 2d       	mov	r31, r11
     f02:	f4 60       	ori	r31, 0x04	; 4
     f04:	bf 2e       	mov	r11, r31
     f06:	09 c0       	rjmp	.+18     	; 0xf1a <vfprintf+0x264>
     f08:	34 fe       	sbrs	r3, 4
     f0a:	0a c0       	rjmp	.+20     	; 0xf20 <vfprintf+0x26a>
     f0c:	29 2f       	mov	r18, r25
     f0e:	26 60       	ori	r18, 0x06	; 6
     f10:	b2 2e       	mov	r11, r18
     f12:	06 c0       	rjmp	.+12     	; 0xf20 <vfprintf+0x26a>
     f14:	28 e0       	ldi	r18, 0x08	; 8
     f16:	30 e0       	ldi	r19, 0x00	; 0
     f18:	05 c0       	rjmp	.+10     	; 0xf24 <vfprintf+0x26e>
     f1a:	20 e1       	ldi	r18, 0x10	; 16
     f1c:	30 e0       	ldi	r19, 0x00	; 0
     f1e:	02 c0       	rjmp	.+4      	; 0xf24 <vfprintf+0x26e>
     f20:	20 e1       	ldi	r18, 0x10	; 16
     f22:	32 e0       	ldi	r19, 0x02	; 2
     f24:	f8 01       	movw	r30, r16
     f26:	b7 fe       	sbrs	r11, 7
     f28:	07 c0       	rjmp	.+14     	; 0xf38 <vfprintf+0x282>
     f2a:	60 81       	ld	r22, Z
     f2c:	71 81       	ldd	r23, Z+1	; 0x01
     f2e:	82 81       	ldd	r24, Z+2	; 0x02
     f30:	93 81       	ldd	r25, Z+3	; 0x03
     f32:	0c 5f       	subi	r16, 0xFC	; 252
     f34:	1f 4f       	sbci	r17, 0xFF	; 255
     f36:	06 c0       	rjmp	.+12     	; 0xf44 <vfprintf+0x28e>
     f38:	60 81       	ld	r22, Z
     f3a:	71 81       	ldd	r23, Z+1	; 0x01
     f3c:	80 e0       	ldi	r24, 0x00	; 0
     f3e:	90 e0       	ldi	r25, 0x00	; 0
     f40:	0e 5f       	subi	r16, 0xFE	; 254
     f42:	1f 4f       	sbci	r17, 0xFF	; 255
     f44:	a3 01       	movw	r20, r6
     f46:	db d0       	rcall	.+438    	; 0x10fe <__ultoa_invert>
     f48:	88 2e       	mov	r8, r24
     f4a:	86 18       	sub	r8, r6
     f4c:	fb 2d       	mov	r31, r11
     f4e:	ff 77       	andi	r31, 0x7F	; 127
     f50:	3f 2e       	mov	r3, r31
     f52:	36 fe       	sbrs	r3, 6
     f54:	0d c0       	rjmp	.+26     	; 0xf70 <vfprintf+0x2ba>
     f56:	23 2d       	mov	r18, r3
     f58:	2e 7f       	andi	r18, 0xFE	; 254
     f5a:	a2 2e       	mov	r10, r18
     f5c:	89 14       	cp	r8, r9
     f5e:	58 f4       	brcc	.+22     	; 0xf76 <vfprintf+0x2c0>
     f60:	34 fe       	sbrs	r3, 4
     f62:	0b c0       	rjmp	.+22     	; 0xf7a <vfprintf+0x2c4>
     f64:	32 fc       	sbrc	r3, 2
     f66:	09 c0       	rjmp	.+18     	; 0xf7a <vfprintf+0x2c4>
     f68:	83 2d       	mov	r24, r3
     f6a:	8e 7e       	andi	r24, 0xEE	; 238
     f6c:	a8 2e       	mov	r10, r24
     f6e:	05 c0       	rjmp	.+10     	; 0xf7a <vfprintf+0x2c4>
     f70:	b8 2c       	mov	r11, r8
     f72:	a3 2c       	mov	r10, r3
     f74:	03 c0       	rjmp	.+6      	; 0xf7c <vfprintf+0x2c6>
     f76:	b8 2c       	mov	r11, r8
     f78:	01 c0       	rjmp	.+2      	; 0xf7c <vfprintf+0x2c6>
     f7a:	b9 2c       	mov	r11, r9
     f7c:	a4 fe       	sbrs	r10, 4
     f7e:	0f c0       	rjmp	.+30     	; 0xf9e <vfprintf+0x2e8>
     f80:	fe 01       	movw	r30, r28
     f82:	e8 0d       	add	r30, r8
     f84:	f1 1d       	adc	r31, r1
     f86:	80 81       	ld	r24, Z
     f88:	80 33       	cpi	r24, 0x30	; 48
     f8a:	21 f4       	brne	.+8      	; 0xf94 <vfprintf+0x2de>
     f8c:	9a 2d       	mov	r25, r10
     f8e:	99 7e       	andi	r25, 0xE9	; 233
     f90:	a9 2e       	mov	r10, r25
     f92:	09 c0       	rjmp	.+18     	; 0xfa6 <vfprintf+0x2f0>
     f94:	a2 fe       	sbrs	r10, 2
     f96:	06 c0       	rjmp	.+12     	; 0xfa4 <vfprintf+0x2ee>
     f98:	b3 94       	inc	r11
     f9a:	b3 94       	inc	r11
     f9c:	04 c0       	rjmp	.+8      	; 0xfa6 <vfprintf+0x2f0>
     f9e:	8a 2d       	mov	r24, r10
     fa0:	86 78       	andi	r24, 0x86	; 134
     fa2:	09 f0       	breq	.+2      	; 0xfa6 <vfprintf+0x2f0>
     fa4:	b3 94       	inc	r11
     fa6:	a3 fc       	sbrc	r10, 3
     fa8:	10 c0       	rjmp	.+32     	; 0xfca <vfprintf+0x314>
     faa:	a0 fe       	sbrs	r10, 0
     fac:	06 c0       	rjmp	.+12     	; 0xfba <vfprintf+0x304>
     fae:	b2 14       	cp	r11, r2
     fb0:	80 f4       	brcc	.+32     	; 0xfd2 <vfprintf+0x31c>
     fb2:	28 0c       	add	r2, r8
     fb4:	92 2c       	mov	r9, r2
     fb6:	9b 18       	sub	r9, r11
     fb8:	0d c0       	rjmp	.+26     	; 0xfd4 <vfprintf+0x31e>
     fba:	b2 14       	cp	r11, r2
     fbc:	58 f4       	brcc	.+22     	; 0xfd4 <vfprintf+0x31e>
     fbe:	b6 01       	movw	r22, r12
     fc0:	80 e2       	ldi	r24, 0x20	; 32
     fc2:	90 e0       	ldi	r25, 0x00	; 0
     fc4:	60 d0       	rcall	.+192    	; 0x1086 <fputc>
     fc6:	b3 94       	inc	r11
     fc8:	f8 cf       	rjmp	.-16     	; 0xfba <vfprintf+0x304>
     fca:	b2 14       	cp	r11, r2
     fcc:	18 f4       	brcc	.+6      	; 0xfd4 <vfprintf+0x31e>
     fce:	2b 18       	sub	r2, r11
     fd0:	02 c0       	rjmp	.+4      	; 0xfd6 <vfprintf+0x320>
     fd2:	98 2c       	mov	r9, r8
     fd4:	21 2c       	mov	r2, r1
     fd6:	a4 fe       	sbrs	r10, 4
     fd8:	0f c0       	rjmp	.+30     	; 0xff8 <vfprintf+0x342>
     fda:	b6 01       	movw	r22, r12
     fdc:	80 e3       	ldi	r24, 0x30	; 48
     fde:	90 e0       	ldi	r25, 0x00	; 0
     fe0:	52 d0       	rcall	.+164    	; 0x1086 <fputc>
     fe2:	a2 fe       	sbrs	r10, 2
     fe4:	16 c0       	rjmp	.+44     	; 0x1012 <vfprintf+0x35c>
     fe6:	a1 fc       	sbrc	r10, 1
     fe8:	03 c0       	rjmp	.+6      	; 0xff0 <vfprintf+0x33a>
     fea:	88 e7       	ldi	r24, 0x78	; 120
     fec:	90 e0       	ldi	r25, 0x00	; 0
     fee:	02 c0       	rjmp	.+4      	; 0xff4 <vfprintf+0x33e>
     ff0:	88 e5       	ldi	r24, 0x58	; 88
     ff2:	90 e0       	ldi	r25, 0x00	; 0
     ff4:	b6 01       	movw	r22, r12
     ff6:	0c c0       	rjmp	.+24     	; 0x1010 <vfprintf+0x35a>
     ff8:	8a 2d       	mov	r24, r10
     ffa:	86 78       	andi	r24, 0x86	; 134
     ffc:	51 f0       	breq	.+20     	; 0x1012 <vfprintf+0x35c>
     ffe:	a1 fe       	sbrs	r10, 1
    1000:	02 c0       	rjmp	.+4      	; 0x1006 <vfprintf+0x350>
    1002:	8b e2       	ldi	r24, 0x2B	; 43
    1004:	01 c0       	rjmp	.+2      	; 0x1008 <vfprintf+0x352>
    1006:	80 e2       	ldi	r24, 0x20	; 32
    1008:	a7 fc       	sbrc	r10, 7
    100a:	8d e2       	ldi	r24, 0x2D	; 45
    100c:	b6 01       	movw	r22, r12
    100e:	90 e0       	ldi	r25, 0x00	; 0
    1010:	3a d0       	rcall	.+116    	; 0x1086 <fputc>
    1012:	89 14       	cp	r8, r9
    1014:	30 f4       	brcc	.+12     	; 0x1022 <vfprintf+0x36c>
    1016:	b6 01       	movw	r22, r12
    1018:	80 e3       	ldi	r24, 0x30	; 48
    101a:	90 e0       	ldi	r25, 0x00	; 0
    101c:	34 d0       	rcall	.+104    	; 0x1086 <fputc>
    101e:	9a 94       	dec	r9
    1020:	f8 cf       	rjmp	.-16     	; 0x1012 <vfprintf+0x35c>
    1022:	8a 94       	dec	r8
    1024:	f3 01       	movw	r30, r6
    1026:	e8 0d       	add	r30, r8
    1028:	f1 1d       	adc	r31, r1
    102a:	80 81       	ld	r24, Z
    102c:	b6 01       	movw	r22, r12
    102e:	90 e0       	ldi	r25, 0x00	; 0
    1030:	2a d0       	rcall	.+84     	; 0x1086 <fputc>
    1032:	81 10       	cpse	r8, r1
    1034:	f6 cf       	rjmp	.-20     	; 0x1022 <vfprintf+0x36c>
    1036:	22 20       	and	r2, r2
    1038:	09 f4       	brne	.+2      	; 0x103c <vfprintf+0x386>
    103a:	4e ce       	rjmp	.-868    	; 0xcd8 <vfprintf+0x22>
    103c:	b6 01       	movw	r22, r12
    103e:	80 e2       	ldi	r24, 0x20	; 32
    1040:	90 e0       	ldi	r25, 0x00	; 0
    1042:	21 d0       	rcall	.+66     	; 0x1086 <fputc>
    1044:	2a 94       	dec	r2
    1046:	f7 cf       	rjmp	.-18     	; 0x1036 <vfprintf+0x380>
    1048:	f6 01       	movw	r30, r12
    104a:	86 81       	ldd	r24, Z+6	; 0x06
    104c:	97 81       	ldd	r25, Z+7	; 0x07
    104e:	02 c0       	rjmp	.+4      	; 0x1054 <vfprintf+0x39e>
    1050:	8f ef       	ldi	r24, 0xFF	; 255
    1052:	9f ef       	ldi	r25, 0xFF	; 255
    1054:	2b 96       	adiw	r28, 0x0b	; 11
    1056:	e2 e1       	ldi	r30, 0x12	; 18
    1058:	c9 c0       	rjmp	.+402    	; 0x11ec <__epilogue_restores__>

0000105a <strnlen_P>:
    105a:	fc 01       	movw	r30, r24
    105c:	05 90       	lpm	r0, Z+
    105e:	61 50       	subi	r22, 0x01	; 1
    1060:	70 40       	sbci	r23, 0x00	; 0
    1062:	01 10       	cpse	r0, r1
    1064:	d8 f7       	brcc	.-10     	; 0x105c <strnlen_P+0x2>
    1066:	80 95       	com	r24
    1068:	90 95       	com	r25
    106a:	8e 0f       	add	r24, r30
    106c:	9f 1f       	adc	r25, r31
    106e:	08 95       	ret

00001070 <strnlen>:
    1070:	fc 01       	movw	r30, r24
    1072:	61 50       	subi	r22, 0x01	; 1
    1074:	70 40       	sbci	r23, 0x00	; 0
    1076:	01 90       	ld	r0, Z+
    1078:	01 10       	cpse	r0, r1
    107a:	d8 f7       	brcc	.-10     	; 0x1072 <strnlen+0x2>
    107c:	80 95       	com	r24
    107e:	90 95       	com	r25
    1080:	8e 0f       	add	r24, r30
    1082:	9f 1f       	adc	r25, r31
    1084:	08 95       	ret

00001086 <fputc>:
    1086:	0f 93       	push	r16
    1088:	1f 93       	push	r17
    108a:	cf 93       	push	r28
    108c:	df 93       	push	r29
    108e:	fb 01       	movw	r30, r22
    1090:	23 81       	ldd	r18, Z+3	; 0x03
    1092:	21 fd       	sbrc	r18, 1
    1094:	03 c0       	rjmp	.+6      	; 0x109c <fputc+0x16>
    1096:	8f ef       	ldi	r24, 0xFF	; 255
    1098:	9f ef       	ldi	r25, 0xFF	; 255
    109a:	2c c0       	rjmp	.+88     	; 0x10f4 <fputc+0x6e>
    109c:	22 ff       	sbrs	r18, 2
    109e:	16 c0       	rjmp	.+44     	; 0x10cc <fputc+0x46>
    10a0:	46 81       	ldd	r20, Z+6	; 0x06
    10a2:	57 81       	ldd	r21, Z+7	; 0x07
    10a4:	24 81       	ldd	r18, Z+4	; 0x04
    10a6:	35 81       	ldd	r19, Z+5	; 0x05
    10a8:	42 17       	cp	r20, r18
    10aa:	53 07       	cpc	r21, r19
    10ac:	44 f4       	brge	.+16     	; 0x10be <fputc+0x38>
    10ae:	a0 81       	ld	r26, Z
    10b0:	b1 81       	ldd	r27, Z+1	; 0x01
    10b2:	9d 01       	movw	r18, r26
    10b4:	2f 5f       	subi	r18, 0xFF	; 255
    10b6:	3f 4f       	sbci	r19, 0xFF	; 255
    10b8:	20 83       	st	Z, r18
    10ba:	31 83       	std	Z+1, r19	; 0x01
    10bc:	8c 93       	st	X, r24
    10be:	26 81       	ldd	r18, Z+6	; 0x06
    10c0:	37 81       	ldd	r19, Z+7	; 0x07
    10c2:	2f 5f       	subi	r18, 0xFF	; 255
    10c4:	3f 4f       	sbci	r19, 0xFF	; 255
    10c6:	26 83       	std	Z+6, r18	; 0x06
    10c8:	37 83       	std	Z+7, r19	; 0x07
    10ca:	14 c0       	rjmp	.+40     	; 0x10f4 <fputc+0x6e>
    10cc:	8b 01       	movw	r16, r22
    10ce:	ec 01       	movw	r28, r24
    10d0:	fb 01       	movw	r30, r22
    10d2:	00 84       	ldd	r0, Z+8	; 0x08
    10d4:	f1 85       	ldd	r31, Z+9	; 0x09
    10d6:	e0 2d       	mov	r30, r0
    10d8:	09 95       	icall
    10da:	89 2b       	or	r24, r25
    10dc:	e1 f6       	brne	.-72     	; 0x1096 <fputc+0x10>
    10de:	d8 01       	movw	r26, r16
    10e0:	16 96       	adiw	r26, 0x06	; 6
    10e2:	8d 91       	ld	r24, X+
    10e4:	9c 91       	ld	r25, X
    10e6:	17 97       	sbiw	r26, 0x07	; 7
    10e8:	01 96       	adiw	r24, 0x01	; 1
    10ea:	16 96       	adiw	r26, 0x06	; 6
    10ec:	8d 93       	st	X+, r24
    10ee:	9c 93       	st	X, r25
    10f0:	17 97       	sbiw	r26, 0x07	; 7
    10f2:	ce 01       	movw	r24, r28
    10f4:	df 91       	pop	r29
    10f6:	cf 91       	pop	r28
    10f8:	1f 91       	pop	r17
    10fa:	0f 91       	pop	r16
    10fc:	08 95       	ret

000010fe <__ultoa_invert>:
    10fe:	fa 01       	movw	r30, r20
    1100:	aa 27       	eor	r26, r26
    1102:	28 30       	cpi	r18, 0x08	; 8
    1104:	51 f1       	breq	.+84     	; 0x115a <__ultoa_invert+0x5c>
    1106:	20 31       	cpi	r18, 0x10	; 16
    1108:	81 f1       	breq	.+96     	; 0x116a <__ultoa_invert+0x6c>
    110a:	e8 94       	clt
    110c:	6f 93       	push	r22
    110e:	6e 7f       	andi	r22, 0xFE	; 254
    1110:	6e 5f       	subi	r22, 0xFE	; 254
    1112:	7f 4f       	sbci	r23, 0xFF	; 255
    1114:	8f 4f       	sbci	r24, 0xFF	; 255
    1116:	9f 4f       	sbci	r25, 0xFF	; 255
    1118:	af 4f       	sbci	r26, 0xFF	; 255
    111a:	b1 e0       	ldi	r27, 0x01	; 1
    111c:	3e d0       	rcall	.+124    	; 0x119a <__ultoa_invert+0x9c>
    111e:	b4 e0       	ldi	r27, 0x04	; 4
    1120:	3c d0       	rcall	.+120    	; 0x119a <__ultoa_invert+0x9c>
    1122:	67 0f       	add	r22, r23
    1124:	78 1f       	adc	r23, r24
    1126:	89 1f       	adc	r24, r25
    1128:	9a 1f       	adc	r25, r26
    112a:	a1 1d       	adc	r26, r1
    112c:	68 0f       	add	r22, r24
    112e:	79 1f       	adc	r23, r25
    1130:	8a 1f       	adc	r24, r26
    1132:	91 1d       	adc	r25, r1
    1134:	a1 1d       	adc	r26, r1
    1136:	6a 0f       	add	r22, r26
    1138:	71 1d       	adc	r23, r1
    113a:	81 1d       	adc	r24, r1
    113c:	91 1d       	adc	r25, r1
    113e:	a1 1d       	adc	r26, r1
    1140:	20 d0       	rcall	.+64     	; 0x1182 <__ultoa_invert+0x84>
    1142:	09 f4       	brne	.+2      	; 0x1146 <__ultoa_invert+0x48>
    1144:	68 94       	set
    1146:	3f 91       	pop	r19
    1148:	2a e0       	ldi	r18, 0x0A	; 10
    114a:	26 9f       	mul	r18, r22
    114c:	11 24       	eor	r1, r1
    114e:	30 19       	sub	r19, r0
    1150:	30 5d       	subi	r19, 0xD0	; 208
    1152:	31 93       	st	Z+, r19
    1154:	de f6       	brtc	.-74     	; 0x110c <__ultoa_invert+0xe>
    1156:	cf 01       	movw	r24, r30
    1158:	08 95       	ret
    115a:	46 2f       	mov	r20, r22
    115c:	47 70       	andi	r20, 0x07	; 7
    115e:	40 5d       	subi	r20, 0xD0	; 208
    1160:	41 93       	st	Z+, r20
    1162:	b3 e0       	ldi	r27, 0x03	; 3
    1164:	0f d0       	rcall	.+30     	; 0x1184 <__ultoa_invert+0x86>
    1166:	c9 f7       	brne	.-14     	; 0x115a <__ultoa_invert+0x5c>
    1168:	f6 cf       	rjmp	.-20     	; 0x1156 <__ultoa_invert+0x58>
    116a:	46 2f       	mov	r20, r22
    116c:	4f 70       	andi	r20, 0x0F	; 15
    116e:	40 5d       	subi	r20, 0xD0	; 208
    1170:	4a 33       	cpi	r20, 0x3A	; 58
    1172:	18 f0       	brcs	.+6      	; 0x117a <__ultoa_invert+0x7c>
    1174:	49 5d       	subi	r20, 0xD9	; 217
    1176:	31 fd       	sbrc	r19, 1
    1178:	40 52       	subi	r20, 0x20	; 32
    117a:	41 93       	st	Z+, r20
    117c:	02 d0       	rcall	.+4      	; 0x1182 <__ultoa_invert+0x84>
    117e:	a9 f7       	brne	.-22     	; 0x116a <__ultoa_invert+0x6c>
    1180:	ea cf       	rjmp	.-44     	; 0x1156 <__ultoa_invert+0x58>
    1182:	b4 e0       	ldi	r27, 0x04	; 4
    1184:	a6 95       	lsr	r26
    1186:	97 95       	ror	r25
    1188:	87 95       	ror	r24
    118a:	77 95       	ror	r23
    118c:	67 95       	ror	r22
    118e:	ba 95       	dec	r27
    1190:	c9 f7       	brne	.-14     	; 0x1184 <__ultoa_invert+0x86>
    1192:	00 97       	sbiw	r24, 0x00	; 0
    1194:	61 05       	cpc	r22, r1
    1196:	71 05       	cpc	r23, r1
    1198:	08 95       	ret
    119a:	9b 01       	movw	r18, r22
    119c:	ac 01       	movw	r20, r24
    119e:	0a 2e       	mov	r0, r26
    11a0:	06 94       	lsr	r0
    11a2:	57 95       	ror	r21
    11a4:	47 95       	ror	r20
    11a6:	37 95       	ror	r19
    11a8:	27 95       	ror	r18
    11aa:	ba 95       	dec	r27
    11ac:	c9 f7       	brne	.-14     	; 0x11a0 <__ultoa_invert+0xa2>
    11ae:	62 0f       	add	r22, r18
    11b0:	73 1f       	adc	r23, r19
    11b2:	84 1f       	adc	r24, r20
    11b4:	95 1f       	adc	r25, r21
    11b6:	a0 1d       	adc	r26, r0
    11b8:	08 95       	ret

000011ba <__prologue_saves__>:
    11ba:	2f 92       	push	r2
    11bc:	3f 92       	push	r3
    11be:	4f 92       	push	r4
    11c0:	5f 92       	push	r5
    11c2:	6f 92       	push	r6
    11c4:	7f 92       	push	r7
    11c6:	8f 92       	push	r8
    11c8:	9f 92       	push	r9
    11ca:	af 92       	push	r10
    11cc:	bf 92       	push	r11
    11ce:	cf 92       	push	r12
    11d0:	df 92       	push	r13
    11d2:	ef 92       	push	r14
    11d4:	ff 92       	push	r15
    11d6:	0f 93       	push	r16
    11d8:	1f 93       	push	r17
    11da:	cf 93       	push	r28
    11dc:	df 93       	push	r29
    11de:	cd b7       	in	r28, 0x3d	; 61
    11e0:	de b7       	in	r29, 0x3e	; 62
    11e2:	ca 1b       	sub	r28, r26
    11e4:	db 0b       	sbc	r29, r27
    11e6:	cd bf       	out	0x3d, r28	; 61
    11e8:	de bf       	out	0x3e, r29	; 62
    11ea:	09 94       	ijmp

000011ec <__epilogue_restores__>:
    11ec:	2a 88       	ldd	r2, Y+18	; 0x12
    11ee:	39 88       	ldd	r3, Y+17	; 0x11
    11f0:	48 88       	ldd	r4, Y+16	; 0x10
    11f2:	5f 84       	ldd	r5, Y+15	; 0x0f
    11f4:	6e 84       	ldd	r6, Y+14	; 0x0e
    11f6:	7d 84       	ldd	r7, Y+13	; 0x0d
    11f8:	8c 84       	ldd	r8, Y+12	; 0x0c
    11fa:	9b 84       	ldd	r9, Y+11	; 0x0b
    11fc:	aa 84       	ldd	r10, Y+10	; 0x0a
    11fe:	b9 84       	ldd	r11, Y+9	; 0x09
    1200:	c8 84       	ldd	r12, Y+8	; 0x08
    1202:	df 80       	ldd	r13, Y+7	; 0x07
    1204:	ee 80       	ldd	r14, Y+6	; 0x06
    1206:	fd 80       	ldd	r15, Y+5	; 0x05
    1208:	0c 81       	ldd	r16, Y+4	; 0x04
    120a:	1b 81       	ldd	r17, Y+3	; 0x03
    120c:	aa 81       	ldd	r26, Y+2	; 0x02
    120e:	b9 81       	ldd	r27, Y+1	; 0x01
    1210:	ce 0f       	add	r28, r30
    1212:	d1 1d       	adc	r29, r1
    1214:	cd bf       	out	0x3d, r28	; 61
    1216:	de bf       	out	0x3e, r29	; 62
    1218:	ed 01       	movw	r28, r26
    121a:	08 95       	ret

0000121c <_exit>:
    121c:	f8 94       	cli

0000121e <__stop_program>:
    121e:	ff cf       	rjmp	.-2      	; 0x121e <__stop_program>
